id_active_ingredient,active_ingredient,active_ingredient_eng
1,EXTRATO FLUIDO DE CASCA DE LARANJA AMARGA,Fluid extract from bitter orange peel
2,EXTRATO FLUIDO DE PASSIFLORA ALATA,Extruded fluid of alata
3,SALICILATO DE SÓDIO,Sodium salicylate
4,TINTURA AGONIADA PLUMÉRIA,TINTURA AGONIADA PLUMÉRIA It is also known as TINTURA AGONIADA PLUMÉRIA
5,ACIDO ACETILSALICILICO,Acetylsalicylic acid
6,ACETATO DE ABIRATERONA,Acetate of abiraterone
7,CLOTRIMAZOL,Clotrimazole and its derivatives
8,BETAÍNA,"Bethany, please."
9,CITRATO DE COLINA,Cinnamon citrate
10,DL-METIONINA,DL-methionine and its salts
11,LEVOMETIONINA,Other medicinal products
12,DIPIRONA,DIPRONA is the name of the country.
13,ATENOLOL,The Athenol
14,CLORTALIDONA,Cloridone and its derivatives
15,CLORIDRATO DE DULOXETINA,Chloride of duloxetine
16,HEDERA HELIX L.,HEDERA HELIX L. This is a list of people who have been awarded the Nobel Prize in Physiology or Medicine.
17,CRATAEGUS RHIPIDOPHYLLA GAND.,The crataegus rhizophyllla is a type of crataegus.
18,PASSIFLORA INCARNATA L.,"Passyflora incarnata, also known as"
19,VALERIANA OFFICINALIS L.,Valeriana Officinalis L. was born in
20,ACETATO DE RACEALFATOCOFEROL,Acetate of racalphatocoferol
21,BETACAROTENO,"Bettacarotene, also known as betacarotene"
22,OXIDO CUPRICO,Oxygenated copper
23,RIBOFLAVINA,"Riboflavina, also known as riboflavina"
24,SELENATO DE SÓDIO,Sodium selenate
25,ÁCIDO ASCÓRBICO,Ascorbic acid
26,ÓXIDO DE ZINCO,
27,ACEBROFILINA,
28,ACECLOFENACO,
29,PERÓXIDO DE URÉIA,
30,INDAPAMIDA,
31,PERINDOPRIL ARGININA,
32,BESILATO DE ANLODIPINO,
33,CLORIDRATO DE TIAMINA,
34,ACETATO DE CIPROTERONA,
35,ETINILESTRADIOL,
36,ACETATO DE CLORMADINONA,
37,ACETATO DE CLOSTEBOL,
38,SULFATO DE NEOMICINA,
39,ACETATO DE DEXAMETASONA,
40,ACETATO DE HIDROCORTISONA,
41,ACETATO DE PREDNISOLONA,
42,ACETATO DE SÓDIO TRI-HIDRATADO,
43,DEXAMETASONA,
44,ACETILCISTEÍNA,
45,ACETONIDA DE TRIANCINOLONA,
46,GRAMICIDINA,
47,NISTATINA,
48,TRIANCINOLONA ACETONIDA,
49,ÁCIDO ZOLEDRÔNICO MONOIDRATADO,
50,ÁCIDO FÓLICO,
51,CORDIA VERBENACEA DC.,
52,CLORIDRATO DE VALACICLOVIR,
53,ACICLOVIR,
54,ACICLOVIR SÓDICO,
55,ÁCIDO MEFENÂMICO,
56,ÁCIDO TRANEXÂMICO,
57,AMOXICILINA TRI-HIDRATADA,
58,CLAVULANATO DE POTÁSSIO,
59,ENXOFRE,
60,PERÓXIDO DE BENZOÍLA,
61,ISOTRETINOÍNA,
62,RIVAROXABANA,
63,CLORIDRATO DE PSEUDOEFEDRINA,
64,CLORIDRATO DE TRIPROLIDINA,
65,ALTEPLASE,
66,SENNA ALEXANDRINA MILL.,
67,RISEDRONATO SÓDICO,
68,CARMELOSE SÓDICA,
69,GLICEROL,
70,TROMETAMOL CETOROLACO,
71,COLECALCIFEROL,
72,PALMITATO DE RETINOL,
73,MATRICARIA RECUTITA L.,
74,ACETATO DE RETINOL,
75,AGLUTINÓGENOS FIMBRIAIS DE BORDETELLA PERTUSSIS DOS SOROTIPOS 2 E 3,
76,HEMAGLUTININA FILAMENTOSA,
77,PERTACTINA,
78,TOXÓIDE TETÂNICO,
79,TOXÓIDE DIFTÉRICO,
80,TOXÓIDE PERTUSSIS,
81,ADAPALENO,
82,FOSFATO DE CLINDAMICINA,
83,NIFEDIPINO,
84,CARBÔMER 940,
85,BRENTUXIMABE VEDOTINA,
86,CLORETO CRÔMICO HEXAIDRATADO,
87,CLORETO CÚPRICO,
88,CLORETO DE ZINCO,
89,CLORETO FÉRRICO,
90,FLUORETO DE SÓDIO,
91,IODETO DE POTÁSSIO,
92,SELENITO DE SÓDIO,
93,DICLORETO DE MANGANÊS TETRAIDRATADO,
94,MOLIBDATO DE SÓDIO DIIDRATADO,
95,ADENOSINA,
96,BARYTA CARBONICA,
97,BERBERIS VULGARIS L.,
98,CALCAREA CARBONICA,
99,MERCURIUS SULPHURATUS RUBER,
100,LINEZOLIDA,
101,DESONIDA,
102,SULFATO DE GENTAMICINA,
103,PANTOPRAZOL,
104,IBUPROFENO,
105,INSULINA LISPRO,
106,GESTODENO,
107,CLORIDRATO DE TRAMADOL,
108,DICLOFENACO SÓDICO,
109,EPINEFRINA,
110,ACEPONATO DE METILPREDNISOLONA,
111,ALFAOCTOCOGUE,
112,ALFARURIOCTOCOGUE PEGOL,
113,SULFATO DE SALBUTAMOL,
114,BROMETO DE IPRATRÓPIO,
115,SULFATO DE SALBUTAMOL MICRONIZADO,
116,SOLUCAO DE SALBUTAMOL,
117,EVEROLIMO,
118,IBANDRONATO DE SÓDIO,
119,INSULINA HUMANA,
120,CLORIDRATO DE OXIMETAZOLINA,
121,ALFALONOCTOCOGUE,
122,CLORIDRATO DE PROCAÍNA,
123,MENTOL,
124,TARTARATO DE BISMUTO E SÓDIO,
125,AGAR-AGAR,
126,PICOSSULFATO DE SÓDIO,
127,ÓLEO MINERAL LEVE,
128,PLANTAGO OVATA FORSSK.,
129,CLORIDRATO DE PIOGLITAZONA,
130,ACARBOSE,
131,AGOMELATINA,
132,CLORIDRATO DE TIROFIBANA,
133,CLORIDRATO DE ANAGRELIDA,
134,CINCHONA CALISAYA WEDD.,
135,ÁGUA PARA INJETÁVEIS,
136,ÁGUA PARA INJEÇÃO,
137,ÁGUA ESTÉRIL PARA INJEÇÃO,
138,FOSFATO DE CODEÍNA,
139,PARACETAMOL,
140,CITRATO DE SILDENAFILA,
141,DIPROPIONATO DE BECLOMETASONA,
142,ARIPIPRAZOL,
143,FREMANEZUMABE,
144,PACLITAXEL,
145,CLORIDRATO DE PALONOSETRONA,
146,NETUPITANTO,
147,DIENOGESTE,
148,ALBENDAZOL,
149,POLICRESULENO,
150,POLICRESULENO A 36%,
151,ALBUMINA HUMANA,
152,ALBUNEX,
153,CYNARA SCOLYMUS L.,
154,BROMIDRATO DE CITALOPRAM,
155,ESPIRONOLACTONA,
156,HIDROCLOROTIAZIDA,
157,ALGESTONA ACETOFENIDA,
158,ENANTATO DE ESTRADIOL,
159,METILDOPA,
160,ESPIRINOLACTONA,
161,LARONIDASE,
162,BILASTINA,
163,ALENDRONATO SÓDICO TRIHIDRATADO,
164,CARBONATO DE CÁLCIO,
165,ALENDRONATO DE SÓDIO TRI-HIDRATADO,
166,ALENDRONATO DE SÓDIO,
167,CLORIDRATO DE VENLAFAXINA,
168,DESLORATADINA,
169,LORATADINA,
170,PREDNISONA,
171,BETAMETASONA,
172,MALEATO DE DEXCLORFENIRAMINA,
173,LEVOFLOXACINO HEMIIDRATADO,
174,ALFAEPOETINA,
175,ERITROPOETINA HUMANA RECOMBINANTE,
176,ALFAESTRADIOL,
177,ALFAINTERFERONA 2B,
178,CLORIDRATO DE ALFENTANILA MONOIDRATADA,
179,ALPRAZOLAM,
180,BUTIL BROMETO DE ESCOPOLAMINA,
181,DIPIRONA MONOIDRATADA,
182,CETOPROFENO,
183,LISINATO DE CETOPROFENO,
184,CAFEÍNA,
185,HEPARINA SÓDICA SUÍNA,
186,PEMETREXEDE,
187,CÂNFORA,
188,SALICILATO DE METILA,
189,MELFALANA,
190,CLORIDRATO DE FEXOFENADINA,
191,MINOXIDIL,
192,CLORIDRATO DE MEMANTINA,
193,CLORIDRATO DE DONEPEZILA,
194,CLORIDRATO DE DONEPEZILA MONOIDRATADO,
195,PREGABALINA,
196,ALOPURINOL,
197,CLORIDRATO DE BUPROPIONA,
198,TARTARATO DE BRIMONIDINA,
199,CLORIDRATO DE LIDOCAINA,
200,FATOR VIII DE COAGULAÇÃO,
201,FATOR DE VON WILLEBRAND,
202,FATOR IX DE COAGULAÇÃO,
203,ALPHANINE SD,
204,ALPROSTADIL,
205,DECITABINA,
206,BROMIDRATO DE GALANTAMINA,
207,GLIMEPIRIDA,
208,TOPIRAMATO,
209,ANFOTERICINA B,
210,CLORIDRATO DE AMBROXOL,
211,ADALIMUMABE,
212,CIANOCOBALAMINA,
213,AMINOFILINA,
214,ACETATO DE LISINA,
215,ALANINA,
216,ARGININA,
217,FENILALAMINA,
218,GLICINA,
219,HISTIDINA,
220,ISOLEUCINA,
221,LEUCINA,
222,LEVOVALINA,
223,PROLINA,
224,SERINA,
225,TREONINA,
226,TRIPTOFANO,
227,METIONINA (11 C),
228,FENILALANINA,
229,L-ALANINA,
230,L-FENILALANINA,
231,L-HISTIDINA,
232,L-ISOLEUCINA,
233,L-LEUCINA,
234,L-METIONINA,
235,L-PROLINA,
236,L-SERINA,
237,L-TREONINA,
238,L-TRIPTOFANO,
239,TAURINA,
240,TIROSINA,
241,CLORIDRATO DE AMIODARONA,
242,LUBIPROSTONA,
243,LISINA,
244,VALINA,
245,ÁCIDO ASPÁRTICO,
246,ÁCIDO GLUTÂMICO,
247,BESILATO DE AMLODIPINA,
248,DROSPIRENONA,
249,FUROATO DE MOMETASONA MONOIDRATADO,
250,AMOXICILINA TRIHIDRATADA,
251,AMOXICILINA,
252,AMPICILINA,
253,AMPICILINA ANIDRA,
254,AMPICILINA BENZATINA,
255,AMPICILIN,
256,AMPICILINA SÓDICA,
257,SULBACTAM SÓDICO,
258,CLORIDRATO DE CLORPROMAZINA,
259,NITRATO DE MICONAZOL,
260,TINIDAZOL,
261,CEFTRIAXONA,
262,CLORIDRATO DE PROPRANOLOL,
263,CLORIDRATO DE AMITRIPTILINA,
264,CAFEÍNA ANIDRA,
265,CITRATO DE ORFENADRINA,
266,CLORIDRATO DE CLOMIPRAMINA,
267,ANASTROZOL,
268,CLORIDRATO DE AMILORIDA,
269,CLORIDRATO DE ISOTIPENDIL,
270,SUCCINATO DE DESVENLAFAXINA MONOIDRATADO,
271,CLORIDRATO DE TRAZODONA,
272,BENZOCAÍNA,
273,TRICLOSANA,
274,HEXILRESORCINOL,
275,PROPIONATO DE SÓDIO,
276,UNDECILENATO DE SÓDIO,
277,ÁCIDO PROPIÔNICO,
278,ÁCIDO UNDECILÊNICO,
279,SUCCINATO SÓDICO DE HIDROCORTISONA,
280,NORFLOXACINO,
281,TESTOSTERONA,
282,TRIBULUS TERRESTRIS L.,
283,CLORIDRATO DE DORZOLAMIDA,
284,SULFATO FERROSO,
285,SULFATO FERROSO HEPTAIDRATADO,
286,SEVOFLURANO,
287,CITRATO DE FENTANILA,
288,CLORIDRATO DE PROXIMETACAÍNA,
289,CLORIDRATO DE FENILEFRINA,
290,CLORIDRATO DE TETRACAÍNA,
291,CLORIDRATO DE ROPIVACAÍNA,
292,ESTRADIOL HEMI-HIDRATADO,
293,CLORIDRATO DE BENZIDAMINA,
294,MALEATO DE ENALAPRIL,
295,CANDESARTANA CILEXETILA,
296,ANIDULAFUNGINA,
297,NITAZOXANIDA,
298,BROMETO DE UMECLIDÍNIO,
299,TRIFENATATO DE VILANTEROL,
300,CLORIDRATO  DE ONDANSETRONA DI-HIDRATADO,
301,AVENA SATIVA L.,
302,PASSIFLORA ALATA CURTIS,
303,BROMAZEPAM,
304,LORAZEPAM,
305,CLORIDRATO DE BUSPIRONA,
306,LEVETIRACETAM,
307,TOBRAMICINA,
308,CLORIDRATO DE RANITIDINA,
309,CLORETO DE BENZETÔNIO,
310,CLORIDRATO DE LIDOCAÍNA MONOIDRATADA,
311,ANTITROMBINA HUMANA,
312,PROMESTRIENO,
313,LEVODROPROPIZINA,
314,LEVONORGESTREL,
315,CAPTOPRIL,
316,CAPECITABINA,
317,CLORIDRATO DE CIPROEPTADINA,
318,NICOTINAMIDA,
319,VITAMINA B2,
320,VITAMINA B6,
321,VITAMINA C,
322,CLORIDRATO DE PIRIDOXINA,
323,RIBOFLAVINA-5-FOSFATO DE SÓDIO,
324,INSULINA GLULISINA,
325,MIKANIA GLOMERATA SPRENG.,
326,APIXABANA,
327,ACTAEA RACEMOSA L.,
328,MALEATO DE CLORFENIRAMINA,
329,CLORIDRATO DE HIDRALAZINA,
330,IRBESARTANA,
331,DESOGESTREL,
332,VALSARTANA,
333,LOSARTAN POTÁSSICO,
334,LOSARTANA POTÁSSICA,
335,HEMITARTARATO DE METARAMINOL,
336,ALFADARBEPOETINA,
337,LEFLUNOMIDA,
338,SULBUTIAMINA,
339,ETORICOXIBE,
340,CLORIDRATO DE SAXAGLIPTINA DI-HIDRATADA,
341,PROPILENOGLICOLATO DE DAPAGLIFLOZINA MONOIDRATADO,
342,NIMESULIDA,
343,ASPARTATO DE ARGININA,
344,BENZILPENICILINA POTÁSSICA,
345,SUCCINATO SÓDICO DE CLORANFENICOL,
346,HIDROCORTISONA,
347,CLORIDRATO DE METOCLOPRAMIDA MONOIDRATADO,
348,FONDAPARINUX SÓDICO,
349,SOLIDAGO MICROGLOSSA DC.,
350,ARNICA MONTANA L.,
351,ARNICA MONTANA,
352,MONTELUCASTE DE SÓDIO,
353,EXEMESTANO,
354,CLORIDRATO DE PAROXETINA,
355,HARPAGOPHYTUM PROCUMBENS DC. EX MEISSN.,
356,HIPROMELOSE,
357,CLORIDRATO DE MEFLOQUINA,
358,ARTESUNATO,
359,CLORIDRATO DE ARTICAÍNA,
360,ARTISAL,
361,FIBRINOGÊNIO,
362,TROMBINA,
363,FATOR XIII DE COAGULAÇÃO,
364,SULFATO DE GLICOSAMINA,
365,MELOXICAM,
366,DIACEREÍNA,
367,SULFATO DE CONDROITINA,
368,OLMESARTANA MEDOXOMILA,
369,FUMARATO DE CETOTIFENO,
370,ÁCIDO ACETILSALICILSALICÍLICO,
371,CLORIDRATO DE SERTRALINA,
372,AZITROMICINA DI-HIDRATADA,
373,BESILATO DE LEVANLODIPINO,
374,CLORIDRATO DE CLONIDINA,
375,BISSULFATO DE CLOPIDOGREL,
376,ATORVASTATINA CÁLCICA,
377,UNDECILATO DE TESTOSTERONA,
378,HEMIFUMARATO DE QUETIAPINA,
379,TACROLIMO MONOIDRATADO,
380,DROPROPIZINA,
381,PEMETREXEDE DISSÓDICO HEMIPENTAIDRATADO,
382,SULFATO DE ATROPINA,
383,BUTILBROMETO DE ESCOPOLAMINA,
384,CLORIDRATO DE METILFENIDATO,
385,ACETATO DE ATOSIBANA,
386,TERIFLUNOMIDA,
387,FENOL,
388,PIPERACILINA SÓDICA,
389,TAZOBACTAM SÓDICO,
390,DEUTETRABENAZINA,
391,CLORIDRATO DE MOXIFLOXACINO,
392,FUROATO DE FLUTICASONA,
393,BEVACIZUMABE,
394,VÍRUS DA HEPATITE A PURIFICADO INATIVADO,
395,SULFATO DE PSEUDOEFEDRINA,
396,RACECADOTRILA,
397,DUTASTERIDA,
398,AXETIL CEFUROXIMA,
399,AXETILCEFUROXIMA,
400,OLANZAPINA,
401,AZTREONAM,
402,ÁCIDO AZELAICO,
403,AZITROMICINA,
404,CLORIDRATO DE AZELASTINA,
405,BRINZOLAMIDA,
406,MALEATO DE TIMOLOL,
407,GLICAZIDA,
408,SULFASSALAZINA,
409,ACETATO DE OCTREOTIDA,
410,ACETATO DE ZINCO,
411,ACITRETINA,
412,TOCILIZUMABE,
413,CRIZANLIZUMABE,
414,RIOCIGUATE,
415,CLORIDRATO DE BIPERIDENO,
416,CLORIDRATO DE ALECTINIBE,
417,BUDESONIDA,
418,FUMARATO DE FORMOTEROL DI-HIDRATADO,
419,FUMARATO DE FORMOTEROL DIIDRATADO,
420,DICLOFENACO DE SÓDIO,
421,NITRATO DE TIAMINA,
422,ACETILTIROSINA,
423,ÁCIDO MÁLICO,
424,TIOCONAZOL,
425,AMMONIUM MURIATICUM,
426,ANTIMONIUM CRUDUM,
427,AURUM METALLICUM,
428,KALIUM CARBONICUM,
429,MERCURIUS SOLUBILIS,
430,NATRUM MURIATICUM,
431,SULPHUR,
432,CLORIDRATO DE TRIEXIFENIDIL,
433,LATANOPROSTA,
434,FELODIPINO,
435,BETAINTERFERONA 1A,
436,INFLIXIMABE,
437,AZACITIDINA,
438,MESILATO DE RASAGILINA,
439,CARBOPLATINA,
440,CLORIDRATO DE LEVOBUNOLOL,
441,PANTOTENATO DE CALCIO,
442,VITAMINA B1,
443,CLORETO DE POTÁSSIO,
444,CLORETO DE SÓDIO,
445,CLORETO DE CÁLCIO DIIDRATADO,
446,SULFAMETOXAZOL,
447,TRIMETOPRIMA,
448,BACITRACINA ZÍNCICA,
449,NEOMICINA,
450,BACITRACINA,
451,BACLOFENO,
452,MUPIROCINA,
453,TEICOPLANINA,
454,CLORIDRATO DE BAMIFILINA,
455,ENTECAVIR,
456,SULFATO DE BÁRIO,
457,INSULINA GLARGINA,
458,AVELUMABE,
459,GLICOSE,
460,CLORETO DE CÁLCIO,
461,LACTATO DE SÓDIO,
462,SORBITOL,
463,ETOFENAMATO,
464,TARTARATO DE METOPROLOL,
465,DIPROPIONATO DE BETAMETASONA,
466,FOSFATO DISSÓDICO DE BETAMETASONA,
467,SULFATO DE POLIMIXINA B,
468,MESILATO DE IMATINIBE,
469,FOSFATO SÓDICO DE RIBOFLAVINA,
470,MONONITRATO DE TIAMINA,
471,CETOCONAZOL,
472,MEBENDAZOL,
473,BISACODIL,
474,DOCUSATO SODICO,
475,FENOLFTALEÍNA,
476,FUCUS VESICULOSUS L.,
477,SAL,
478,TIREOIDINA,
479,CITRATO DE SÓDIO,
480,CLORETO DE AMÔNIO,
481,CLORIDRATO DE DIFENIDRAMINA,
482,BROMIDRATO DE DEXTROMETORFANO,
483,CITRATO DE SÓDIO DI-HIDRATADO,
484,ALFANONACOGUE,
485,MALEATO DE CARBINOXAMINA,
486,POLICARBOFILA  CÁLCICA,
487,VALERATO DE BETAMETASONA,
488,DICLOFENACO DIETILAMÔNIO,
489,DICLOFENACO POTÁSSICO,
490,BELIMUMABE,
491,TIABENDAZOL,
492,BENZILPENICILINA PROCAÍNA,
493,BENZILPENICILINA BENZATINA,
494,CLORIDRATO DE CICLOBENZAPRINA,
495,CLONIXINATO DE LISINA,
496,BENZOATO DE BENZILA,
497,BENZOATO DE SODIO ASSOCIADO,
498,BENZOILMETRONIDAZOL,
499,DEXPANTENOL,
500,PENICILINA G BENZATINA,
501,CLORIDRATO DE BROMEXINA,
502,CITRULLUS COLOCYNTHIS,
503,VERATRUM ALBUM,
504,CABERGOLINA,
505,APROTININA,
506,FATOR XIII,
507,FATOR II DE COAGULAÇÃO,
508,FATOR VII DE COAGULAÇÃO,
509,FATOR X DE COAGULAÇÃO,
510,PROTEÍNA C,
511,PROTEÍNA S,
512,ACETATO DE CASPOFUNGINA,
513,BROMIDRATO DE FENOTEROL,
514,CARISOPRODOL,
515,THYROIDINUM,
516,ACETATO DE BETAMETASONA,
517,IODOPOVIDONA,
518,DICLORIDRATO DE BETAISTINA,
519,BETAINTERFERONA 1B,
520,GLICLAZIDA,
521,BETAMETASONA ÁLCOOL MICRONIZADA,
522,CLORIDRATO DE BETAXOLOL,
523,BROMETO DE GLICOPIRRÔNIO,
524,DICLOFENACO,
525,PARECOXIBE SÓDICO,
526,BEZAFIBRATO,
527,CLORIDRATO DE BENAZEPRIL,
528,MALEATO DE BRONFENIRAMINA,
529,CLORIDRATO DE CIPROFLOXACINO,
530,CLORIDRATO DE CIPROFLOXACINO MONOIDRATADO,
531,BICARBONATO DE SÓDIO,
532,BICALUTAMIDA,
533,HEMIFUMARATO DE BISOPROLOL,
534,CLORIDRATO DE ONDANSETRONA,
535,BICTEGRAVIR SÓDICO,
536,HEMIFUMARATO DE TENOFOVIR ALAFENAMIDA,
537,ENTRICITABINA,
538,CARBONATO DE LÍTIO,
539,BIMATOPROSTA,
540,FUMARATO DE TENOFOVIR DESOPROXILA,
541,CLORETO DE BENZALCÔNIO,
542,VITAMINA E,
543,ALFATALIGLICERASE,
544,ETANERCEPTE,
545,GOLIMUMABE,
546,RITUXIMABE,
547,SOMATROPINA,
548,TRASTUZUMABE,
549,OXALIPLATINA,
550,DICLOFENACO ÁCIDO,
551,GINKGO BILOBA L.,
552,PEUMUS BOLDUS MOLINA,
553,CLORIDRATO DE SIBUTRAMINA,
554,PANAX GINSENG C. A. MEY.,
555,BACILLUS CEREUS,
556,LAMIVUDINA,
557,ZIDOVUDINA,
558,SULFATO DE ZINCO MONOIDRATADO,
559,CLORETO DE MAGNÉSIO HEXAIDRATADO,
560,FOSFATO DE SÓDIO DIBÁSICO DI-HIDRATADO,
561,CLORIDRATO DE NEBIVOLOL,
562,IMUNOGLOBULINA HUMANA,
563,ÁCIDO ZOLEDRÔNICO,
564,SAL SÓDICO,
565,BLINATUMOMABE,
566,SULFATO DE BLEOMICINA,
567,FOSFATO DE CÁLCIO TRIBÁSICO,
568,IBANDRONATO DE SÓDIO MONOIDRATADO,
569,BORTEZOMIBE,
570,BOSENTANA MONOIDRATADA,
571,TOXINA BOTULÍNICA A,
572,ENCORAFENIBE,
573,TELMISARTANA,
574,CLORIDRATO DE EPIRRUBICINA,
575,LETROZOL,
576,CLORIDRATO DE ESMOLOL,
577,PIROXICAM BETACICLODEXTRINA,
578,SUGAMADEX SÓDICO,
579,TICAGRELOR,
580,ALFACERLIPONASE,
581,BROMIDRATO DE VORTIOXETINA,
582,ANANAS COMOSUS (L.) MERR.,
583,BROMETO DE PINAVÉRIO,
584,BROMETO DE PIPECURONIO,
585,BROMIDRATO DE DARIFENACINA,
586,EUCALIPTOL,
587,TERPINA MONOIDRATADA,
588,BROMOFORMIO,
589,ASSOCIAÇÕES,
590,BROMOPRIDA,
591,LISADO BACTERIANO,
592,GUAIFENESINA,
593,SULFATO DE TERBUTALINA,
594,EUCALYPTUS GLOBULUS LABILL.,
595,ZANUBRUTINIBE,
596,BRYOPHYLLUM CALYCINUM,
597,DICLORIDRATO DE BUCLIZINA,
598,CLARITROMICINA,
599,GLYCINE MAX (L.) MERR.,
600,CLORIDRATO DE BUPIVACAÍNA,
601,HEMITARTARATO DE EPINEFRINA,
602,FENILBUTAZONA CÁLCICA,
603,BELINOSTATE,
604,BIOTINA,
605,CARBONATO DE MAGNÉSIO,
606,VITAMINA B12,
607,VITAMINA B3,
608,CITRATO DE ZINCO TRI-HIDRATADO,
609,ÁCIDO PANTOTÊNICO,
610,BESILATO DE CISATRACÚRIO,
611,INOTUZUMABE OZOGAMICINA,
612,PROTEÍNA DE FUSÃO FHBP RECOMBINANTE DE NEISSERIA MENINGITIDIS GRUPO B,
613,PROTEÍNA DE FUSÃO NHBA RECOMBINANTE DE NEISSERIA MENINGITIDIS GRUPO B,
614,PROTEÍNA NAD A RECOMBINANTE DE NEISSERIA MENINGITIDIS GRUPO B,
615,VESÍCULAS DE MEMBRANA EXTERNA (OMV) DE NEISSERIA MENINGITIDIS GRUPO B,
616,CEPA NZ98/254,
617,FLUDESOXIGLICOSE 18F,
618,BRIVARACETAM,
619,BUSSULFANO,
620,ENXOFRE PRECIPITADO,
621,TEREBENTINA,
622,CINNAMOMUM VERUM J. PRESL,
623,SYZYGIUM AROMATICUM (L.) MERR. & L.M. PERRY,
624,CISPLATINA,
625,CABAZITAXEL,
626,CAPLACIZUMABE,
627,LEVOMALATO DE CABOZANTINIBE,
628,CALAMINA,
629,CALCITONINA SINTÉTICA,
630,ERGOCALCIFEROL,
631,GLICEROFOSFATO DE CÁLCIO,
632,LACTOGLICONATO DE CÁLCIO,
633,DEFLAZACORTE,
634,SALIX ALBA L.,
635,POLIESTIRENOSSULFONATO DE CÁLCIO,
636,ACALABRUTINIBE,
637,NITRENDIPINO,
638,CHAMAEMELUM NOBILE (L.)ALL.,
639,GENTIANA LUTEA L.,
640,GLYCYRRHIZA GLABRA L.,
641,MATRICARIA CHAMOMILLA L.,
642,CLORIDRATO DE IRINOTECANO,
643,CLORIDRATO DE IRINOTECANO TRIIDRATADO,
644,METRONIDAZOL,
645,AMINAFTONA,
646,VANDETANIBE,
647,IODETO DE SÓDIO 131I,
648,FINASTERIDA,
649,CARBAMAZEPINA,
650,LEVODOPA,
651,CARBIDOPA MONOIDRATADA,
652,FENOBARBITAL,
653,FENOBARBITAL SÓDICO,
654,CARBOCISTEÍNA,
655,CLORETO DE TÁLIO (201 TL),
656,CARVEDILOL,
657,DIGOXINA,
658,CLORIDRATO DE DEXRAZOXANO,
659,CLORIDRATO DE DILTIAZEM,
660,SILYBUM MARIANUM (L.) GAERTN,
661,MESILATO DE DOXAZOSINA,
662,CLORIDRATO DE CARNITINA,
663,CLORIDRATO DE LEVOLISINA,
664,CLORIDRATO DE LEVOCARNITINA,
665,CARVÃO VEGETAL ATIVADO,
666,SULFETO DE SELÊNIO,
667,AESCULUS HIPPOCASTANUM L.,
668,RUTINA,
669,SMILAX PAPIRACEA,
670,POLYGONUM ACRE H.B.K.,
671,CROTON HELIOTROPIIFOLIUS KUNTH,
672,PAULLINIA CUPANA KUNTH,
673,TRICHILIA CATIGUA A.JUSS.,
674,EQUISETUM ARVENSE L.,
675,NITROFURAZONA,
676,ACETATO DE TOCOFEROL,
677,ASPARTATO DE MAGNÉSIO,
678,ASPARTATO DE POTÁSSIO,
679,ÁCIDO ASCÓRBICO 90%,
680,ZINCO,
681,CILOSTAZOL,
682,CEFACLOR MONOIDRATADO,
683,CEFADROXILA,
684,CEFALEXINA MONOIDRATADA,
685,CEFALEXINA,
686,CEFACLOR,
687,MESILATO DE DI-HIDROERGOTAMINA,
688,CEFALOTINA SODICA,
689,CEFTAZIDIMA PENTAIDRATADA,
690,CEFAZOLINA SÓDICA,
691,CEFOTAXIMA SÓDICA,
692,CEFOXITINA SÓDICA,
693,CEFPROZILA,
694,CEFTAZIDIMA,
695,CEFTRIAXONA DISSÓDICA HEMIEPTAIDRATADA,
696,CEFTRIAXONA SÓDICA,
697,CEFUROXIMA SÓDICA,
698,CELECOXIBE,
699,MICOFENOLATO DE MOFETILA,
700,CENTELLA ASIATICA (L.) URB.,
701,FLUCONAZOL,
702,MARAVIROQUE,
703,CLORIDRATO DE TERBINAFINA,
704,IMIGLUCERASE,
705,COCARBOXILASE,
706,DEXTROALFATOCOFEROL,
707,RIBOFLAVINA FOSFATO DE SÓDIO,
708,HIDROXIQUINOLINA,
709,TROLAMINA,
710,HPV-16 L1,
711,HPV-18 L1,
712,DICLORIDRATO DE CETIRIZINA,
713,CETOTIFENO,
714,ACETATO DE CETRORRELIX,
715,TARTARATO DE VARENICLINA,
716,CLORIDRATO DE BETAÍNA,
717,RACEMETIONINA,
718,MESALAZINA,
719,TADALAFILA,
720,CIPROFIBRATO,
721,BACITRACINA DE ZINCO,
722,CICLETANINE,
723,CLORIDRATO DE CICLOPENTOLATO,
724,TROPICAMIDA,
725,CICLOPIROX OLAMINA,
726,VALERATO DE ESTRADIOL,
727,CICLOSPORINA,
728,NIMOTUZUMABE,
729,MALEATO DE CLORFENAMINA,
730,CIMETIDINA,
731,CERTOLIZUMABE PEGOL,
732,CINARIZINA,
733,CLORIDRATO DE TETRACICLINA,
734,MONONITRATO DE ISOSSORBIDA,
735,LACTATO DE BIPERIDENO,
736,CLORIDRATO DE CIMETIDINA,
737,CIPROFLOXACINO,
738,LEVOFLOXACINA,
739,CANTHARIS VESICATORIA,
740,THUYA OCCIDENTALIS,
741,HIDROBROMETO DE CITALOPRAM (PORT. 344/98 LISTA C 1),
742,CITALOPRAM,
743,CLORIDRATO DE PRILOCAÍNA,
744,FELIPRESSINA,
745,CITARABINA,
746,LOMUSTINA,
747,CITRATO DE TAMOXIFENO,
748,COLCHICINA,
749,CLORIDRATO DE NAFAZOLINA,
750,MALEATO DE FENIRAMINA,
751,AMOCIXILINA TRIHIDRATADA,
752,ÁCIDO CLAVULÂNICO,
753,HIDROQUINONA,
754,SALBUTAMOL,
755,ENOXAPARINA SÓDICA,
756,TRIFOLIUM PRATENSE L.,
757,TIBOLONA,
758,CLINDAMICINA,
759,SINVASTATINA,
760,CLIOQUINOL,
761,TOLNAFTATO,
762,GLICERINA,
763,PROPIONATO DE CLOBETASOL,
764,CLORIDRATO DE CEFEPIMA,
765,CITRATO DE CLOMIFENO,
766,CLONAZEPAM,
767,FENDIZOATO DE CLOPERASTINA,
768,ACETATO DE ZUCLOPENTIXOL,
769,DECANOATO DE ZUCLOPENTIXOL,
770,DICLORIDRATO DE ZUCLOPENTIXOL,
771,CLORIDRATO DE DOXICICLINA,
772,CLORETO DE MAGNÉSIO,
773,ÁCIDO ACÉTICO GLACIAL,
774,GLICOSE ANIDRA,
775,CLORIDRATO DE SOTALOL,
776,CLORIDRATO DE BUPIVACAÍNA MONOIDRATADO,
777,CLORIDRATO DE CINACALCETE,
778,CLORIDRATO DE CLINDAMICINA MONOIDRATADO,
779,CLORIDRATO DE CLOBUTINOL,
780,SUCCINATO DE DOXILAMINA,
781,CLORIDRATO DE DOBUTAMINA,
782,CLORIDRATO DE DOPAMINA,
783,CLORIDRATO DE DOXORRUBICINA,
784,CLORIDRATO DE FINGOLIMODE,
785,CLORIDRATO DE FLAVOXATO,
786,CLORIDRATO DE FLUOXETINA,
787,CLORIDRATO DE GENCITABINA,
788,DICLORIDRATO DE HIDROXIZINA,
789,CLORIDRATO DE HIDROXIZINA,
790,CLORIDRATO DE LERCANIDIPINO,
791,CLORIDRATO DE LINCOMICINA,
792,CLORIDRATO DE METFORMINA,
793,CLORIDRATO DE MINOCICLINA,
794,CLORIDRATO DE NALBUFINA,
795,CLORIDRATO DE NALOXONA,
796,CLORIDRATO DE NARATRIPTANA,
797,CLORIDRATO DE NORTRIPTILINA,
798,CLORIDRATO DE PAROXETINA HEMI-HIDRATADO,
799,CLORIDRATO DE PETIDINA,
800,FOSFATO DISSÓDICO DE DEXAMETASONA,
801,CLORIDRATO DE PROMETAZINA,
802,PROMETAZINA,
803,CLORIDRATO DE PROPAFENONA,
804,CLORIDRATO DE SEVELÂMER,
805,CLORIDRATO DE SIBUTRAMINA MONOIDRATADO,
806,CLORIDRATO DE TANSULOSINA,
807,CLORIDRATO DE TETRAHIDROZOLINA,
808,CLORIDRATO DE TICLOPIDINA,
809,CLORIDRATO DE TIZANIDINA,
810,CLORIDRATO DE TOPOTECANA,
811,CLORIDRATO DE VANCOMICINA,
812,CLORIDRATO DE VARDENAFILA,
813,CLORIDRATO DE VERAPAMIL,
814,CLORIDRATO DE ZIPRASIDONA MONOIDRATADO,
815,DIFOSFATO DE CLOROQUINA,
816,CLOZAPINA,
817,LUMEFANTRINA,
818,ARTEMÉTER,
819,COBAMAMIDA,
820,BACOPA MONNIERI (L.) WETTST.,
821,HEMITARTARATO DE RIVASTIGMINA,
822,COLCHICINA BASE,
823,EZETIMIBA,
824,COLISTIMETATO DE SÓDIO,
825,LISOZIMA,
826,TIOCOLCHICOSÍDEO,
827,CINERARIA MARITIMA D.C.,
828,EUPHRASIA OFFICINALIS L.,
829,SULFATO DE ZINCO HEPTAIDRATADO,
830,SULFATO DE ZINCO,
831,GLICINATO FÉRRICO,
832,FERROCARBONILA,
833,VACINA COVID-19,
834,DIAZEPAM,
835,CLORIDRATO DE NICOTINAMIDA,
836,CAPSICUM ANNUM L.,
837,NUX VÔMICA,
838,POLYGONUM PUNCTATUM H.LÉV,
839,RATANHIA,
840,ARSENICUM IODATUM,
841,CAUSTICUM HAHNEMANNI,
842,AGRAPHIS NUTANS,
843,CALCIUM IODATUM,
844,BORAX,
845,KALI CHLORICUM,
846,CALCAREA PHOSPHORICA,
847,CHINA OFFICINALIS,
848,IPECACUANHA,
849,CONIUM MACULATUM,
850,HEPAR SULFURIS,
851,SPONGIA TOSTA,
852,CARDUUS MARIANUS L.,
853,CHELIDONIUM MAJUS,
854,LYCOPODIUM CLAVATUM L.,
855,COCCULUS INDICUS,
856,KREOSOTUM,
857,NOZ MOSCADA,
858,PETROLEUM,
859,ALLIUM SATIVUM L.,
860,EUPATORIUM PERFOLIATUM L.,
861,GELSEMIUM SEMPERVIRENS,
862,CALCAREA FLUORICA,
863,CLEMATIS VITALBA,
864,HAMAMELIS VIRGINIANA L.,
865,PULSATILLA NIGRICANS,
866,HYDRASTIS CANADENSIS L.,
867,KALI BICHROMICUM,
868,MAGNESIA CARBONICA,
869,ABIES NIGRA,
870,ASA FOETIDA,
871,IGNATIA AMARA,
872,PHOSPHORUS,
873,ANTIMONIUM TARTARICUM,
874,BRYONIA ALBA L.,
875,CALCAREA IODATA,
876,CHIONANTHUS VIRGINICA,
877,IRIS VERSICOLOR,
878,SANGUINARIA CANADENSIS L.,
879,ACTAEA RACEMOSA,
880,LACHESIS MUTUS,
881,SEPIA OFFICINALIS,
882,BLATTA ORIENTALIS,
883,GRINDELIA,
884,LOBELIA INFLATA,
885,NATRUM SULPHURICUM,
886,GRAPHITES,
887,PHYTOLACCA DECANDRA,
888,ARSENICUM ALBUM,
889,SABADILLA,
890,ACIDUM NITRICUM,
891,CLEMATIS ERECTA,
892,COMPLEXO PROTROMBINICO HUMANO LIOF,
893,RHUS TOXICODENDRON L.,
894,RUTA GRAVEOLENS L.,
895,COMPLEMENTO,
896,CÁSSIA SENNA,
897,ENTACAPONA,
898,BISOPROLOL,
899,CONDROITINA SULFATO DE SÓDIO,
900,SULFATO DE GLICOSAMINA CLORETO DE SÓDIO,
901,DIOSMINA,
902,HESPERIDINA,
903,SACCHAROMYCES BOULARDII - 17,
904,SACCHAROMYCES BOULARDII,
905,ACETATO DE MEDROXIPROGESTERONA,
906,CLORIDRATO DE NALTREXONA,
907,ACETATO DE GLATIRÂMER,
908,ÁCIDO ACETIL SALICILICO,
909,ORLISTATE,
910,DICLORIDRATO DE TRIMETAZIDINA,
911,SECUQUINUMABE,
912,PERINDOPRIL,
913,ÁCIDO ACÉTICO,
914,PANCREATINA,
915,ROSUVASTATINA CÁLCICA,
916,PROGESTERONA,
917,CROFELÊMER,
918,CROMOGLICATO,
919,CLORIDRATO DE HIDROXOCOBALAMINA,
920,DAPTOMICINA,
921,PENICILAMINA,
922,ALFAPORACTANTO,
923,IODETO DE TIMOL,
924,SUBGALATO DE BISMUTO,
925,CIPIONATO DE ESTRADIOL,
926,GANCICLOVIR SÓDICO,
927,RAMUCIRUMABE,
928,BELADONA PÓ,
929,CLORETO DE METILTIONÍNIO,
930,CLORIDRATO DE ACRIFLAVINA,
931,METENAMINA,
932,HIALURONATO DE SÓDIO,
933,GENCITABINA,
934,ÁCIDO CARGLÚMICO,
935,HEMITARTARATO DE ELIGLUSTATE,
936,GONADOTROPINA CORIÔNICA,
937,RESLIZUMABE,
938,INIBIDOR DE C1 ESTERASE DERIVADO DE PLASMA HUMANO,
939,CLORIDRATO DE OLOPATADINA,
940,CLORIDRATO DE DEXMEDETOMIDINA,
941,CLORIDRATO DE LOPERAMIDA,
942,CLORIDRATO DE RALOXIFENO,
943,ATROPA BELLADONNA L.,
944,FOSFATO SÓDICO DE PREDNISOLONA,
945,HEMIFUMARATO DE COBIMETINIBE,
946,SULFATO DE ISAVUCONAZÔNIO,
947,BUROSUMABE,
948,FRANGULA PURSHIANA (DC.) A. GRAY,
949,SULFATO DE VINCRISTINA,
950,DACARBAZINA,
951,CLORIDRATO DE PIPERIDOLATO,
952,FLAVONÓIDES EXPRESSOS EM HESPERIDINA,
953,CALCIPOTRIOL MONOIDRATADO,
954,CALCIPOTRIOL,
955,MICONAZOL,
956,CLORIDRATO DE CLINDAMICINA,
957,DARATUMUMABE,
958,CLORIDRATO DE FLURAZEPAM,
959,FUMARATO FERROSO,
960,FENITOÍNA,
961,DANTROLENO SÓDICO HEMIEPTAIDRATADO,
962,GLIBENCLAMIDA,
963,DAPAGLIFLOZINA,
964,PIRIMETAMINA,
965,PROPILENOGLICOLATO DE DARUNAVIR,
966,EDETATO CRÔMICO (51 CR),
967,ROFLUMILASTE,
968,ACETATO DE DESMOPRESSINA,
969,DECANOATO DE NANDROLONA,
970,DECANOATO DE HALOPERIDOL,
971,OXALATO DE ESCITALOPRAM,
972,SECNIDAZOL,
973,DEFIBROTIDA,
974,DELAFLOXACINO MEGLUMINA,
975,DELTAMETRINA,
976,VÍRUS QUIMÉRICO FEBRE AMARELA DENGUE SOROTIPO 1,
977,VÍRUS QUIMÉRICO FEBRE AMARELA DENGUE SOROTIPO 2,
978,VÍRUS QUIMÉRICO FEBRE AMARELA DENGUE SOROTIPO 3,
979,VÍRUS QUIMÉRICO FEBRE AMARELA DENGUE SOROTIPO 4,
980,CETOROLACO TROMETAMINA,
981,VALPROATO DE SÓDIO,
982,ÁCIDO VALPRÓICO,
983,DIVALPROATO DE SÓDIO,
984,ACETATO DE METILPREDNISOLONA,
985,CIPIONATO DE TESTOSTERONA,
986,HYPERICUM PERFORATUM L.,
987,CLORETO DE DEQUALÍNIO,
988,NITRATO DE CERIO,
989,SULFADIAZINA DE PRATA,
990,PREDNICARBATO,
991,CLORIDRATO DE AMOROLFINA,
992,LIDOCAÍNA,
993,ÁCIDO SALICÍLICO,
994,FUROATO DE MOMETASONA,
995,ÁCIDO FUSÍDICO,
996,DEFERASIROX,
997,MESILATO DE DESFERROXAMINA,
998,DESFLURANO,
999,DESLANOSÍDEO,
1000,TARTARATO DE TOLTERODINA,
1001,DEXTRANA 500 (99M TC),
1002,DEXTRANA,
1003,FOSFATO DE DEXAMETASONA,
1004,CERA AUTO EMULSIONANTE,
1005,DEXAMETASONA FOSFATO DISSÓDICO,
1006,HIDROXOCOBALAMINA,
1007,ÁCIDO SILÍCICO COLOIDAL,
1008,FERRIPOLIMALTOSE,
1009,DEXLANSOPRAZOL,
1010,ACETAZOLAMIDA,
1011,CLORETO DE CÁLCIO DI-HIDRATADO,
1012,GLICOSE MONOIDRATADA,
1013,DICLOFENACO DE POTÁSSIO,
1014,DICLOFENACO COLESTIRAMINA,
1015,DICLOFENACO RESINATO,
1016,BETAISTINA,
1017,DICLORIDRATO DE FLUNARIZINA,
1018,DICLORIDRATO DE LEVOCETIRIZINA,
1019,DICLORIDRATO DE PRAMIPEXOL,
1020,DICLORIDRATO DE PRAMIPEXOL MONOIDRATADO,
1021,CITRATO DE DIETILCARBAMAZINA,
1022,MALEATO DE TRIMEBUTINA,
1023,DIMETICONA,
1024,PEPSINA,
1025,ACIDO CITRICO,
1026,CARBONATO DE SÓDIO,
1027,CLORIDRATO DE HIDROMORFONA,
1028,DIMENIDRINATO,
1029,SULFATO DE MORFINA PENTAIDRATADO,
1030,ÁCIDO BÓRICO,
1031,DIODARONE,
1032,ALANILGLUTAMINA,
1033,DIPIRIDAMOL,
1034,DIPIRONA SODICA,
1035,CLORIDRATO DE ADIFENINA,
1036,PROPOFOL,
1037,DISFOSFATO DE CLOROQUINA,
1038,DISOFENINA,
1039,FUROSEMIDA,
1040,PANTOPRAZOL MAGNÉSICO DI-HIDRATADO,
1041,HIDROXIBENZOATO DE VIMINOL,
1042,SUCCÍMER,
1043,DOBESILATO DE CÁLCIO,
1044,DOCETAXEL,
1045,DOCETAXEL TRIIDRATADO,
1046,AMOXICILINA SÓDICA,
1047,TRI-HEPTANOÍNA,
1048,DOMPERIDONA,
1049,MUCATO DE ISOMETEPTENO,
1050,PROCAÍNA,
1051,DORENZYME,
1052,CITRATO DE CÁLCIO,
1053,FEREDEDATO DE SÓDIO,
1054,CLORIDRATO DE MIDAZOLAM,
1055,MALEATO DE MIDAZOLAM,
1056,MIDAZOLAM,
1057,OCTREOTATO TETRAXETANA (177  LU),
1058,ÁCIDO GADOTÉRICO,
1059,DOLUTEGRAVIR SÓDICO,
1060,DOXICICLINA MONOIDRATADA,
1061,SUCCINATO DE METOPROLOL,
1062,FLUDROXICORTIDA,
1063,FLUDOXICORTIDA,
1064,DROPERIDOL,
1065,HIDRÓXIDO DE ALUMÍNIO,
1066,HIDRÓXIDO DE MAGNÉSIO,
1067,OXETACAÍNA,
1068,CLORIDRATO DE OXIBUTININA,
1069,ACETATO DE DEXTROALFATOCOFEROL,
1070,DUCTOQUINASE,
1071,ETODOLACO,
1072,TIGECICLINA,
1073,CASSIA FISTULA L.,
1074,PICOSSULFATO DE SÓDIO MONOIDRATADO,
1075,TRAVOPROSTA,
1076,NAPROXENO SÓDICO,
1077,ÁCIDO LÁTICO,
1078,GLICOSE MONOHIDRATADA,
1079,LACTULOSE,
1080,DIDROGESTERONA,
1081,DECANOATO DE TESTOSTERONA,
1082,FEMPROPIONATO DE TESTOSTERONA,
1083,ISOCAPROATO DE TESTOSTERONA,
1084,PROPIONATO DE TESTOSTERONA,
1085,CARBETOCINA,
1086,FENTANILA,
1087,CLORIDRATO DE MEBEVERINA,
1088,ÁCIDO URSODESOXICÓLICO,
1089,ÁLCOOL BENZÍLICO,
1090,MECOBALAMINA,
1091,FRUTOSE,
1092,BROMETO DE ACLIDÍNIO,
1093,ESTROGÊNIOS CONJUGADOS,
1094,ACETATO DE BAZEDOXIFENO,
1095,DUPILUMABE,
1096,PROPIONATO DE FLUTICASONA,
1097,BENZOATO DE SÓDIO,
1098,ÁCIDO ÉPSILON AMINOCAPRÓICO,
1099,EBASTINA,
1100,PITAVASTATINA CÁLCICA,
1101,DICLORIDRATO DE ETILENODICISTEÍNA DIETILÉSTER,
1102,PERMETRINA,
1103,EFAVIRENZ,
1104,SULFATO DE EFEDRINA,
1105,CLORIDRATO DE PRASUGREL,
1106,FLUORURACILA,
1107,PIRFENIDONA,
1108,CLORIDRATO DE BENSERAZIDA,
1109,BROMIDRATO DE ELETRIPTANA,
1110,PIMECROLIMO,
1111,ACETATO DE LEUPRORRELINA,
1112,PAPAVER SOMNIFERUM L.,
1113,VACCINIUM MACROCARPON AITON,
1114,ALFAEFMOROCTOCOGUE,
1115,ALFACORIFOLITROPINA,
1116,FLUOCINOLONA ACETONIDA,
1117,OMEPRAZOL,
1118,ALFAEFTRENONACOGUE,
1119,FOSAPREPITANTO DIMEGLUMINA,
1120,GALCANEZUMABE,
1121,FUMARATO DE CLEMASTINA,
1122,PRILOCAÍNA,
1123,GABAPENTINA,
1124,PREDNISOLONA,
1125,FOSFATO DICÁLCICO,
1126,FOSFATO MONOSSÓDICO,
1127,HIPOFOSFITO DE SÓDIO,
1128,VITAMINA A,
1129,VITAMINA D3,
1130,ÓLEO DE FÍGADO DE BACALHAU,
1131,ÓLEO DE SOJA,
1132,ENANTATO DE NORETISTERONA,
1133,ECHINACEA PURPUREA (L.) MOENCH,
1134,VASOPRESSINA SINTETICA,
1135,IMUNOGLOBULINA G,
1136,FOSFATO DE SÓDIO DIBÁSICO HEPTAIDRATADO,
1137,FOSFATO DE SÓDIO MONOBÁSICO MONOIDRATADO,
1138,LAURILSULFATO DE SÓDIO,
1139,ENFLURANO,
1140,MALEATO DE MEPIRAMINA,
1141,SULFUR,
1142,VINCETOXICUM HIRUNDINARIA,
1143,TRASTUZUMABE DERUXTECANA,
1144,BUDESONIDA MICRONIZADA,
1145,VEDOLIZUMABE,
1146,RHEUM PALMATUM L.,
1147,HEMITARTARATO DE NOREPINEFRINA,
1148,LAMOTRIGINA,
1149,ETOPOSÍDEO,
1150,SULPIRIDA,
1151,FULVESTRANTO,
1152,CETUXIMABE,
1153,MALEATO DE METILERGOMETRINA,
1154,VISMODEGIBE,
1155,BROMETO DE N-BUTILESCOPOLAMINA,
1156,PEMETREXEDE DISSÓDICO,
1157,APIS MELLIFICA,
1158,ATROPA BELLADONNA,
1159,ESCINA,
1160,POLISSULFATO DE ESCINA SÓDICA,
1161,SALICILATO DE DIETILAMÔNIO,
1162,FITOMENADIONA,
1163,BROMETO DE ROCURÔNIO,
1164,ESOMEPRAZOL MAGNÉSICO TRI-HIDRATADO,
1165,ESOMEPRAZOL MAGNÉSICO DI-HIDRATADO,
1166,ESOMEPRAZOL SÓDICO,
1167,METILBROMETO DE HOMATROPINA,
1168,SIMETICONA,
1169,DESOXIMETASONA,
1170,MAYTENUS ILICIFOLIA MART. EX REISSEK,
1171,ACETATO DE NORETISTERONA,
1172,ESTRADIOL,
1173,ESTOLATO DE ERITROMICINA,
1174,OMEPRAZOL MICROGRANULADOS,
1175,CARBONATO DE CÁLCIO 90%,
1176,ESTRIOL,
1177,OLEATO DE MONOETANOLAMINA,
1178,CLORIDRATO DE ETILEFRINA,
1179,ACETATO DE HIDROXOCOBALAMINA,
1180,CITIDINA 5''-MONOFOSFATO DISSÓDICO,
1181,FOSFATO DISSÓDICO DE CITIDINA,
1182,URIDINA-5''-TRIFOSFATO TRISSÓDICA,
1183,TRIFOSFATO TRISSÓDICO DE URIDINA,
1184,ETOMIDATO,
1185,ETOPOSIDO,
1186,ETOSSUXIMIDA,
1187,ARGENTUM NITRICUM,
1188,EUPHORBIA RESINIFERA,
1189,HEPAR SULPHUR,
1190,HYDRAGIUM BIIODATUM,
1191,LUFFA OPERCULATA,
1192,PULSATILLA,
1193,LEVOTIROXINA SÓDICA,
1194,ANTÍGENO DE SUPERFÍCIE DA HEPATITE B,
1195,BRIGATINIBE,
1196,CLORIDRATO DE DAUNORRUBICINA,
1197,FOSFATO DE FLUDARABINA,
1198,IFOSFAMIDA,
1199,CLORIDRATO DE IDARRUBICINA,
1200,CLORIDRATO DE MITOXANTRONA,
1201,HEMITARTARATO DE VINORELBINA,
1202,NORELGESTROMINA,
1203,RISDIPLAM,
1204,CAMBENDAZOL,
1205,HIDROGENOTARTARATO DE RIVASTIGMINA,
1206,RIVASTIGMINA,
1207,CLORIDRATO DE OXOMEMAZINA,
1208,ICODEXTRINA,
1209,PROTEÍNAS,
1210,TIMOSTIMULINA,
1211,PERTECNETATO DE SÓDIO (99M TC),
1212,ESZOPICLONA,
1213,IDURSULFASE,
1214,ELOTUZUMABE,
1215,ETANERCEPTE (TNFR:FC),
1216,SATRALIZUMABE,
1217,SACUBITRIL VALSARTANA SÓDICA HIDRATADA,
1218,VELPATASVIR,
1219,SOFOSBUVIR,
1220,ERDAFITINIBE,
1221,APALUTAMIDA,
1222,ROMOSOZUMABE,
1223,AFLIBERCEPTE,
1224,BETA-AGALSIDASE,
1225,MESILATO DE GEMIFLOXACINO,
1226,FAMOTIDINA,
1227,FAMPRIDINA,
1228,FANCICLOVIR,
1229,PRAZIQUANTEL,
1230,ÁGUA PARA INJETÁVEIS QSP,
1231,ETIONAMIDA,
1232,ISONIAZIDA,
1233,NEVIRAPINA,
1234,FOSFATO DE OSELTAMIVIR,
1235,DIFOSFATO DE PRIMAQUINA,
1236,DEXTROSE ANIDRA,
1237,PIROXICAM,
1238,BENRALIZUMABE,
1239,CITRATO DE SUFENTANILA,
1240,SULFATO DE VIMBLASTINA,
1241,FOLINATO DE CÁLCIO,
1242,METOTREXATO,
1243,COMPLEXO PROTROMBÍNICO PARCIALMENTE ATIVADO,
1244,ACETATO DE MEGESTROL,
1245,CLORETO DE CROMO,
1246,ESTEARATO DE MAGNÉSIO,
1247,MISTURA DE IODETO DE POTÁSSIO,
1248,PANTOTENATO CALCICO,
1249,SULFATO DE MANGANÊS MONOIDRATADO,
1250,ÁCIDO ASCÓ,
1251,SULFATO DE MANGANÊS,
1252,ÁCIDO FÓLIC,
1253,NITRATO DE BUTOCONAZOL,
1254,AMIDO,
1255,FENITOÍNA SÓDICA,
1256,FENOFIBRATO,
1257,MICOFENOLATO DE SÓDIO,
1258,FENOXIMETILPENICILINA POTÁSSICA,
1259,NITRATO DE FENTICONAZOL,
1260,CARBOXIMALTOSE FERRICA,
1261,DEFERIPRONA,
1262,SACARATO DE HIDRÓXIDO FÉRRICO,
1263,BISGLICINATO FERROSO,
1264,CLORIDRATO DE LEVOMILNACIPRANA,
1265,PLANTAGO OVATA PHIL.,
1266,CLORANFENICOL,
1267,DESOXIRRIBONUCLEASE,
1268,FIBRINOLISINA,
1269,FILGRASTIM,
1270,ACETATO DE ICATIBANTO,
1271,ACETATO DE DEGARELIX,
1272,RHODIOLA ROSEA L.,
1273,ÁCIDO FÍTICO,
1274,POLYGALA SENEGA L.,
1275,STRYPHNODENDRON ADSTRINGENS (MART.) COVILLE,
1276,PINUS PINASTER AITON,
1277,MELILOTUS OFFICINALIS (L.) PALL.,
1278,SYMPHYTUM OFFICINALE L.,
1279,CEREUS JAMACARU DC.,
1280,DORSTENIA ARIFOLIA LAM.,
1281,ERYTHRINA VELUTINA WILLD.,
1282,HIMATANTHUS LANCIFOLIUS (MULL.ARG.) WOODSON,
1283,CITRATO DE POTÁSSIO MONOIDRATADO,
1284,CITRATO DE SÓDIO DIHIDRATADO,
1285,ACETATO DE FLUORMETOLONA,
1286,SACCHAROMYCES CEREVISAE,
1287,ACETATO DE FLUDROCORTISONA,
1288,GELATINA,
1289,ÁCIDO FLUORÍDRICO,
1290,ÁCIDO FOSFÓRICO,
1291,OFLOXACINO,
1292,CEPA INFLUENZA TIPO B,
1293,CEPA INFLUENZA TIPO A (H1N1),
1294,CEPA INFLUENZA TIPO A (H3N2),
1295,DICLORIDRATO DE FLUFENAZINA,
1296,ENANTATO DE FLUFENAZINA,
1297,FUMARATO DE FORMOTEROL,
1298,FLUMAZENIL,
1299,FLUTAMIDA,
1300,CLORIDRATO DE ARGININA,
1301,DEXFOSFOSSERINA,
1302,FOSFATO DE LEVOTREONINA,
1303,GLUTAMINA,
1304,TERIPARATIDA,
1305,AGNUS CASTUS,
1306,NUPHAR LUTEUM,
1307,ONOSMODIUM VIRGINIANUM,
1308,FERRO QUELATO,
1309,FOSFATO DE POTÁSSIO DIBÁSICO,
1310,FOSFATO DE POTÁSSIO MONOBÁSICO,
1311,FOSFOMICINA TROMETAMOL,
1312,UROFOLITROPINA,
1313,TEOFILINA,
1314,NADROPARINA CÁLCICA,
1315,CLOBAZAM,
1316,ESSÊNCIA DE TEREBENTINA,
1317,CICHORIUM INTYBUS,
1318,TALIDOMIDA,
1319,ALFA METILDOPA,
1320,CICLOPIROX,
1321,ITRACONAZOL,
1322,NITROFURAL,
1323,DICLORIDRATO DE ETAMBUTOL,
1324,SULFADIAZINA,
1325,PIRAZINAMIDA,
1326,AZATIOPRINA,
1327,DAPSONA,
1328,FURP-DEXAMETASONA,
1329,SULFATO DE ESTREPTOMICINA,
1330,HALOPERIDOL,
1331,RIFAMPICINA,
1332,SULFATO FERROSO DESSECADO,
1333,ENFUVIRTIDA,
1334,CLORIDRATO DE ETAMBUTOL,
1335,RASBURICASE,
1336,INSULINA ASPARTE,
1337,POLISSULFATO DE MUCOPOLISSACARÍDEO,
1338,PEGFILGRASTIM,
1339,PERAMPANEL,
1340,CLORIDRATO DE LISINA,
1341,ÁCIDO GAMAMINOBUTÍRICO,
1342,GADOBUTROL,
1343,CITRATO DE GÁLIO 67GA,
1344,CLORIDRATO DE MIGALASTATE,
1345,HIDROBROMETO DE GALANTAMINA,
1346,TRICLORETO DE GÁLIO (68 GA),
1347,VILDAGLIPTINA,
1348,IMUNOGLOBULINA HUMANA ANTI-HEPATITE B,
1349,IMUNOGLOBULINA ANTITETÂNICA,
1350,BORAGO OFFICINALIS L.,
1351,GANCICLOVIR,
1352,GENTAMICINA,
1353,PARTÍCULA SEMELHANTE A VÍRUS DE PROTEÍNA L1 DO HPV DO TIPO 11,
1354,PARTÍCULA SEMELHANTE A VÍRUS DE PROTEÍNA L1 DO HPV DO TIPO 16,
1355,PARTÍCULA SEMELHANTE A VÍRUS DE PROTEÍNA L1 DO HPV DO TIPO 18,
1356,PARTÍCULA SEMELHANTE A VÍRUS DE PROTEÍNA L1 DO HPV DO TIPO 6,
1357,PARTÍCULA SEMELHANTE A VÍRUS DE PROTEÍNA L1 DO HPV DO TIPO 31,
1358,PARTÍCULA SEMELHANTE A VÍRUS DE PROTEÍNA L1 DO HPV DO TIPO 33,
1359,PARTÍCULA SEMELHANTE A VÍRUS DE PROTEÍNA L1 DO HPV DO TIPO 45,
1360,PARTÍCULA SEMELHANTE A VÍRUS DE PROTEÍNA L1 DO HPV DO TIPO 52,
1361,PARTÍCULA SEMELHANTE A VÍRUS DE PROTEÍNA L1 DO HPV DO TIPO 58,
1362,PARTÍCULA SEMELHANTE A VÍRUS DE PROTEÍNA L1 DO HPV DO T,
1363,MAYTENUS ILICIFOLIA MART.EX.REISS,
1364,GEL DE HIDRÓXIDO DE ALUMINIO,
1365,OBINUTUZUMABE,
1366,SUCCINILGELATINA,
1367,ESPONJA ESTERIL DE GELATINA ABSORVIVEL,
1368,GELATINA ABSORVÍVEL,
1369,EXTRATO FLUIDO DE BELADONA,
1370,LEVOMENTOL,
1371,GENFIBROZILA,
1372,ZINGIBER OFFICINALE ROSCOE,
1373,CICLOFOSFAMIDA MONOIDRATADA,
1374,COBICISTATE,
1375,ELVITEGRAVIR,
1376,INOSITOL,
1377,AMBRA GRISEA,
1378,BARYTA MURIATICA,
1379,D-PANTENOL,
1380,FOSFATO DE CÁLCIO DIBÁSICO,
1381,RUTOSÍDEO,
1382,SULFATO DE MAGNÉSIO,
1383,SULFATO DE POTÁSSIO,
1384,LEVONORGESTREL MICRONIZADO,
1385,MENTHA CRISPA L.,
1386,NITRATO DE ISOCONAZOL,
1387,DIMALEATO DE AFATINIBE,
1388,GIVOSIRANA SÓDICA,
1389,CARMUSTINA,
1390,CLORETO DE SÓDIO USP,
1391,GLICONATO DE CÁLCIO,
1392,CLORPROPAMIDA,
1393,LINAGLIPTINA,
1394,GLUCAGON,
1395,ANTIMONIATO DE MEGLUMINA,
1396,GLICEROFOSFATO DE SÓDIO,
1397,ACETATO DE TERLIPRESSINA,
1398,ÁCIDO GLICÓLICO,
1399,EMPAGLIFLOZINA,
1400,ALFAFOLITROPINA,
1401,ACETATO DE TRIPTORRELINA,
1402,TRANDOLAPRIL,
1403,COLECALCIFEROL CRISTALIZADO,
1404,ACONITUM NAPELLUS,
1405,BRYONIA CRETICA L.,
1406,LACHESIS MUTA,
1407,ACONITUM NAPELLUS L.,
1408,CEPHAELIS IPECACUANHA (BROT.) A. RICH,
1409,MYROXYLON BALSAMUM (L.) HARMS,
1410,NASTURTIUM OFFICINALE R.BR.,
1411,IOBENGUANO 131I,
1412,IMUNOGLOBULINA ANTI-D,
1413,FERRO,
1414,FLUORETO,
1415,IODO,
1416,MANGANÊS,
1417,PANAX GINSENG,
1418,POTÁSSIO,
1419,CLORIDRATO DE GRANISETRONA,
1420,PANTOPRAZOL SÓDICO SESQUI-HIDRATADO,
1421,LANSOPRAZOL,
1422,FATOR VON WILLEBRAND,
1423,BOSENTANA,
1424,MESILATO DE ERIBULINA,
1425,PROPIONATO DE HALOBETASOL,
1426,LEDIPASVIR,
1427,VÍRUS DA HEPATITE A INATIVADO,
1428,RHAMNUS PURSHIANA DC.,
1429,OLEO VEGETAL/OLEO RESINA,
1430,POLYPODIUM LEUCATOMOS POIR.,
1431,CARBONATO DE LODENAFILA,
1432,HEMITARTARATO DE NOREPINEFRINA MONOIDRATADA,
1433,HEMITARTARATO DE ZOLPIDEM,
1434,HEPARINA SUÍNA,
1435,SULFATO DE MAGNÉSIO HEPTAIDRATADO,
1436,CAPSICUM ANNUUM L.,
1437,IOBITRIDOL,
1438,ASPARTATO DE ORNITINA,
1439,HEPARINA SÓDICA BOVINA,
1440,FENTOLAMINA,
1441,ISETIONATO DE HEXAMIDINA,
1442,BEMIPARINA SÓDICA,
1443,TRETINOÍNA,
1444,HIDROSMINA,
1445,HIDROXIURÉIA,
1446,CLORIDRATO DE DELAPRIL,
1447,DICLORIDRATO DE MANIDIPINO,
1448,PSEUDOEFEDRINA,
1449,HYPERICUM PERFORATUM,
1450,ÁCIDO HIALURÔNICO,
1451,HIALURONIDASE,
1452,RILMENIDINA,
1453,MANITOL,
1454,CLORIDRATO DE PAPAVERINA,
1455,HYTROPIN,
1456,EMICIZUMABE,
1457,POLIOVÍRUS TIPO 1 (MAHONEY),
1458,POLIOVÍRUS TIPO 2,
1459,POLIOVÍRUS TIPO 3,
1460,POLISSACARÍDEO DE HAEMOPHILUS INFLUENZAE TIPO B,
1461,VALERATO DE DIFLUCORTOLONA,
1462,ISOCONAZOL,
1463,ALFA-ALBUTREPENONACOGUE,
1464,DURVALUMABE,
1465,CILASTATINA SÓDICA,
1466,IMIPENÉM MONOIDRATADO,
1467,SUCCINATO DE SUMATRIPTANA,
1468,CLORIDRATO DE IMIPRAMINA,
1469,ZOPICLONA,
1470,SUCCINATO DE SOLIFENACINA,
1471,ETONOGESTREL,
1472,MYCOBACTERIUM BOVIS,
1473,PELARGONIUM SIDOIDES DC.,
1474,GLUCANA,
1475,UNCARIA TOMENTOSA (WILLD. EX ROEM. & SCHULT.) DC. .,
1476,INDOMETACINA,
1477,CONJUGADO DE POLISSACARÍDEO CAPSULAR DE HAEMOPHILUS INFLUENZAE TIPO B E TOXÓIDE TETÂNICO,
1478,POLIOVÍRUS INATIVADOS TIPO 1,
1479,POLIOVÍRUS INATIVADOS TIPO 2,
1480,POLIOVÍRUS INATIVADOS TIPO 3,
1481,EUCALIPTUS GLOBULUS  LABILL,
1482,FERRUM PHOSPHORICUM,
1483,CLORIDRATO DE ISOXSUPRINA,
1484,RABEPRAZOL SÓDICO,
1485,CEFALOTINA SÓDICA TAMPONADA,
1486,AXITINIBE,
1487,MENAEPTENONA,
1488,EXTRATOS ALERGÊNICOS DE INSETOS SUGADORES,
1489,EPLERENONA,
1490,ETRAVIRINA,
1491,INTERFERON ALFA 2A,
1492,INTERFERON HUMANO TIPO ALFA - 2B,
1493,VALERATO DE ESTRADIOL MICRONIZADO,
1494,IMUNOGLOBULINA,
1495,ERTAPENÉM SÓDICO,
1496,PALIPERIDONA,
1497,PALMITATO DE PALIPERIDONA,
1498,CANAGLIFLOZINA HEMI-HIDRATADA,
1499,FUMARATO DE VONOPRAZANA,
1500,IOMEPROL,
1501,IOPAMIDOL,
1502,GEFITINIBE,
1503,COLAGENASE,
1504,RALTEGRAVIR POTÁSSICO,
1505,MESILATO DE DIIDROERGOCRISTINA,
1506,ISOFLURANO,
1507,DINITRATO DE ISOSSORBIDA,
1508,ACETATO DE SÓDIO TRIIDRATADO,
1509,HIDROXIETILAMIDO,
1510,CLORIDRATO DE IVABRADINA,
1511,INSULINA ISOFANA,
1512,IVERMECTINA,
1513,IMIQUIMODE,
1514,PALBOCICLIBE,
1515,CLORIDRATO DE PONATINIBE,
1516,CANAQUINUMABE,
1517,IBRUTINIBE,
1518,POLIPEPTÍDEO DIALIZÁVEL DE EXTRATO DE LEUCÓCITO,
1519,HAEMOPHILUS INFLUENZAE TIPO B,
1520,RUFINAMIDA,
1521,ACETATO DE NOMEGESTROL,
1522,FOSFATO DE SITAGLIPTINA MONOIDRATADO,
1523,VINFLUNINA,
1524,DOSTARLIMABE,
1525,CLORIDRATO DE SELEGILINA,
1526,DIMESILATO DE LISDEXANFETAMINA,
1527,FOSFATO DE RUXOLITINIBE,
1528,ALFADAMOCTOCOGUE PEGOL,
1529,METIONINA (11 C,
1530,TRASTUZUMABE ENTANSINA,
1531,LOPINAVIR,
1532,RITONAVIR,
1533,IVACAFTOR,
1534,IMUNOGLOBULINA ANTI-RHO(D),
1535,PIPER METHYSTICUM G. FORST.,
1536,OFATUMUMABE,
1537,CLORIDRATO DE ESCETAMINA,
1538,ALFAOXOFENILPROPIONATO DE CÁLCIO,
1539,RACEALFA-HIDROXIGAMAMETILTIOBUTANOATO DE CÁLCIO,
1540,RACEALFAOXOBETAMETILBUTANOATO DE CÁLCIO,
1541,RACEALFAOXOBETAMETILPENTANOATO DE CÁLCIO,
1542,RACEALFAOXOGAMAMETILPENTANOATO DE CÁLCIO,
1543,PEMBROLIZUMABE,
1544,ÁCIDO FUMÁRICO SIPONIMODE,
1545,SCHINUS TEREBINTHIFOLIA RADDI,
1546,SULFATO DE ABACAVIR,
1547,STRYCHNOS IGNATII,
1548,SIMAROUBA CEDRON,
1549,STANNUM METALLICUM,
1550,SAXAGLIPTINA,
1551,SULFATO DE SELUMETINIBE,
1552,DICLORIDRATO DE SAPROPTERINA,
1553,CARFILZOMIBE,
1554,ALFASSEBELIPASE,
1555,SUCCINATO DE RIBOCICLIBE,
1556,BETAOCTOCOGUE,
1557,SUCCINATO DE TAFENOQUINA,
1558,TISAGENLECLEUCEL,
1559,LACIDIPINO,
1560,LACOSAMIDA,
1561,DEXTRANO,
1562,ÁLCOOL POLIVINÍLICO,
1563,DASATINIBE,
1564,DANAZOL,
1565,BENZNIDAZOL,
1566,TERBINAFINA,
1567,ALFAVELMANASE,
1568,TIOGUANINA,
1569,CLORETO DE CETILPIRIDÍNIO,
1570,ALCAFTADINA,
1571,L-LISINA,
1572,RETINOL,
1573,TIMOMODULINA,
1574,CLORAMBUCILA,
1575,CLADRIBINA,
1576,LEVOFLOXACINO HEMI-HIDRATADO,
1577,INSULINA DETEMIR,
1578,LEVOFLOXACINO,
1579,MALEATO DE LEVOMEPROMAZINA,
1580,RILUZOL,
1581,LIMECICLINA,
1582,CEMIPLIMABE,
1583,TACROLIMO,
1584,CLORDIAZEPÓXIDO,
1585,FENOFIBRATOS MICROGRÂNULOS A 75%,
1586,TRIGLICERÍDEOS DE CADEIA MÉDIA,
1587,TRIGLICERÍDIOS C10-18,
1588,ÉSTERES ETÍLICOS DOS ÁCIDOS GRAXOS DO ÓLEO DE PAPOULA IODADOS,
1589,CARBOMERO,
1590,LECITINA DE OVO,
1591,TRIGLICERÍDEOS CADEIA MÉDIA,
1592,LISINOPRIL DI-HIDRATADO,
1593,LISINOPRIL,
1594,MITOTANO,
1595,AMOROLFINA,
1596,OLOPATADINA,
1597,MESILATO DE LOMITAPIDA,
1598,NIFEDIPINA,
1599,BROMETO DE OTILÔNIO,
1600,LIPEGFILGRASTIM,
1601,OMEPRAZOL MAGNÉSICO,
1602,ETABONATO DE LOTEPREDNOL,
1603,LOXOPROFENO SÓDICO,
1604,MEFLOQUINA,
1605,SULFATO DE QUININA,
1606,RANIBIZUMABE,
1607,ALGINATO DE SÓDIO,
1608,BICARBONATO DE POTÁSSIO,
1609,SOTORASIBE,
1610,MOXETUMOMABE PASUDOTOX,
1611,CLORIDRATO DE LURASIDONA,
1612,MALEATO DE FLUVOXAMINA,
1613,VORETIGENO NEPARVOVEQUE,
1614,ARANEUS DIADEMATUS,
1615,CALCIUM PHOSPHORICUM,
1616,EQUISETUM HYEMALE,
1617,FERRUM IODATUM,
1618,FUMARIA OFFICINALIS L.,
1619,GERANIUM ROBERTIANUM,
1620,GENTIANA LUTEA,
1621,JUGLANS REGIA L.,
1622,LEVOTHYROXINUM,
1623,MYOSOTIS ARVENSIS,
1624,NATRUM SULFURICUM,
1625,PINUS SYLVESTRIS,
1626,SCROPHULARIA NODOSA,
1627,SMILAX OFFICINALIS,
1628,TEUCRIUM SCORODONIA,
1629,VERONICA OFFICINALIS,
1630,ALENTUZUMABE,
1631,MESILATO DE LENVATINIBE,
1632,CLORIDRATO DE VARDENAFILA TRIIDRATADO,
1633,TOSILATO DE EDOXABANA MONOIDRATADO,
1634,CICLOSSILICATO DE ZIRCÔNIO SÓDICO HIDRATADO,
1635,CLORIDRATO DE TIPIRACILA,
1636,TRIFLURIDINA,
1637,LORLATINIBE,
1638,LORNOXICAM,
1639,OLAPARIBE,
1640,VÍRUS DA CAXUMBA,
1641,VÍRUS DA RUBEOLA,
1642,VÍRUS DO SARAMPO,
1643,NITROFURANTOÍNA,
1644,CLORIDRATO DE VALGANCICLOVIR,
1645,GLICINATO DE MAGNÉSIO,
1646,CARBONATO BÁSICO DE BISMUTO,
1647,GADOPENTETATO DE DIMEGLUMINA,
1648,QUINOSOL,
1649,TIROTRICINA,
1650,BORATO DE SÓDIO,
1651,CLORIDRATO DE AMANTADINA,
1652,CRATAEGUS OXYACANTHA,
1653,PASSIFLORA INCARNATA,
1654,VARFARINA SÓDICA,
1655,ÓXIDO DE COBRE,
1656,ÓXIDO DE MAGNÉSIO,
1657,GLECAPREVIR HIDRATADO,
1658,PIBRENTASVIR,
1659,BENZOATO DE RIZATRIPTANA,
1660,NITRATO DE NAFAZOLINA,
1661,NIMESULIDA BETACICLODEXTRINA,
1662,DICLORIDRATO DE MECLOZINA MONOIDRATADO,
1663,EUDRAGIT E,
1664,BINIMETINIBE,
1665,CEPHAËLIS IPECACUANHA ( BROT. ) A.RICH.,
1666,PAMIDRONATO DISSÓDICO,
1667,MELISSA OFFICINALIS L.,
1668,CLORIDRATO DE TIORIDAZINA,
1669,POLISSACARÍDEO,
1670,POLISSACARÍDEO N. MENINGITIDIS TIPO A,
1671,POLISSACARÍDEO N. MENINGITIDIS TIPO C,
1672,MIRTAZAPINA,
1673,OLIGOSSACARÍDEO MENINGOCÓCICO DO GRUPO C,
1674,PROTEÍNA CARREADORA,
1675,SÉPIA SUCCUS,
1676,MENOTROPINA,
1677,EUCALIPTO,
1678,MIFAMURTIDA,
1679,MEROPENÉM TRI-HIDRATADO,
1680,CLORIDRATO DE MEPIVACAÍNA,
1681,ALFAVESTRONIDASE,
1682,MESILATO DE CODERGOCRINA,
1683,MESNA,
1684,BROMETO DE PIRIDOSTIGMINA,
1685,PIDOLATO DE PIRIDOXINA,
1686,TENECTEPLASE,
1687,METOCLOSANTISA,
1688,METOTREXATO DE SÓDIO,
1689,ÁCIDO NICOTÍNICO,
1690,CLORIDRATO DE AMINOLEVULINATO DE METILA,
1691,TETRAFLUORBORATO TETRAMIBI CUPROSO,
1692,FLUTRIMAZOL,
1693,MICOPLEX,
1694,IODO METALÓIDE,
1695,ÁCIDO BENZÓICO,
1696,BENFOTIAMINA,
1697,BORO,
1698,FOSFATO DE CÁLCIO DIBÁSICO DI-HIDRATADO,
1699,LAURIL SULFATO DE SÓDIO,
1700,SORBITOL 70 %,
1701,NIMODIPINO,
1702,HIDROXIPROPIL GUAR,
1703,MACROGOL,
1704,PROPILENOGLICOL,
1705,MIZOLASTINA,
1706,FUMARATO DE DIMETILA,
1707,CAPSAICINA,
1708,ORYZA SATIVA L.,
1709,DERISOMALTOSE FÉRRICA,
1710,ACHILLEA MILLEFOLIUM L.,
1711,BELLIS PERENNIS,
1712,CALENDULA OFFICINALIS L.,
1713,ECHINACEA ANGUSTIFOLIA DC.,
1714,CURCUMA LONGA L.,
1715,PLERIXAFOR,
1716,L-CARBOCISTEÍNA,
1717,MUCOTRAT,
1718,FOTEMUSTINA,
1719,MACROGOL 3350,
1720,MICAFUNGINA SÓDICA,
1721,MICOFENOLATO SÓDICO,
1722,GENTUZUMABE OZOGAMICINA,
1723,ALFA-ALGLICOSIDASE,
1724,MIRABEGRONA,
1725,CLORIDRATO DE METADONA,
1726,DIMETILSULFÓXIDO DE TRAMETINIBE,
1727,POLISSACARÍDEO DE NEISSERIA MENINGITIDIS DO SOROGRUPO A CONJUGADO A PROTEÍNA CARREADORA TOXOIDE TETÂNICO,
1728,POLISSACARÍDEO DE NEISSERIA MENINGITIDIS DO SOROGRUPO C CONJUGADO A PROTEÍNA CARREADORA TOXOIDE TETÂNICO,
1729,POLISSACARÍDEO DE NEISSERIA MENINGITIDIS DO SOROGRUPO W CONJUGADO A PROTEÍNA CARREADORA TOXOIDE TETÂNICO,
1730,POLISSACARÍDEO DE NEISSERIA MENINGITIDIS DO SOROGRUPO Y,
1731,OLIGOSSACARÍDEO MENINGOCÓCICO A,
1732,OLIGOSSACARÍDEO MENINGOCÓCICO W135,
1733,OLIGOSSACARÍDEO MENINGOCÓCICO Y,
1734,TETRAIDROCANABINOL,
1735,CANABIDIOL,
1736,VORICONAZOL,
1737,CISTINA,
1738,LEVEDURA,
1739,QUERATINA,
1740,ÁCIDO AMINOBENZÓICO,
1741,GADOBENATO DE DIMEGLUMINA,
1742,NALBUFINA,
1743,ÁCIDO NALIDÍXICO,
1744,RAMIPRIL,
1745,NAPROXENO,
1746,CLORIDRATO DE ROPIVACAÍNA MONOIDRATADO,
1747,ÁGUA DO MAR,
1748,TIAMINA,
1749,BITARTARATO DE COLINA,
1750,TARTARATO DE VINORELBINA,
1751,POLIDOCANOL,
1752,EMBONATO DE TRIPTORRELINA,
1753,METILPARABENO,
1754,FOSFATO SODICO DE DEXAMETASONA,
1755,LEVOLISINATO DE IBUPROFENO,
1756,CLORIDRATO DE ISOMETEPTENO,
1757,METILSULFATO DE NEOSTIGMINA,
1758,CLORIDRATO DE LEVOMEPROMAZINA,
1759,L-ARGININA,
1760,L-TIROSINA,
1761,N-ACETIL CISTEÍNA,
1762,GLICILTIROSINA,
1763,MALEATO DE NERATINIBE,
1764,KALI BROMATUM,
1765,ACIDUM PHOSPHORICUM,
1766,KALIUM BROMATUM,
1767,ZINCUM ISOVALERIANICUM,
1768,BENZOATO DE ALOGLIPTINA,
1769,PERICIAZINA,
1770,ROTIGOTINA,
1771,COFFEA ARABICA,
1772,NEPAFENACO,
1773,TOSILATO DE SORAFENIBE,
1774,ALFA-AVALGLICOSIDASE,
1775,NICOTINA,
1776,ESILATO DE NINTEDANIBE,
1777,CITRATO DE IXAZOMIBE,
1778,NITISINONA,
1779,NITRAZEPAM,
1780,NITRATO DE OXICONAZOL,
1781,NITROPRUSSETO DE SÓDIO,
1782,NITROPRUSSETO DE SÓDIO DI-HIDRATADO,
1783,ESTAZOLAM,
1784,PIRACETAM,
1785,VINORELBINA,
1786,NORETISTERONA,
1787,VITEX AGNUS-CASTUS L.,
1788,BUPRENORFINA,
1789,CLORIDRATO DE LEVOBUPIVACAÍNA,
1790,METOCLOPRAMIDA,
1791,POSACONAZOL,
1792,ROMIPLOSTIM,
1793,DAROLUTAMIDA,
1794,MEPOLIZUMABE,
1795,ACETATO DE MAGNÉSIO TETRAIDRATADO,
1796,ACETATO DE POTÁSSIO,
1797,CISTEÍNA,
1798,CLORIDRATO DE ORNITINA,
1799,URÉIA,
1800,CLORIDRATO DE HISTIDINA MONOIDRATADO,
1801,FOSFATO DIIDROGENADO DE SÓDIO,
1802,HIDROXIDO DE SODIO,
1803,LEUCI,
1804,ACETATO DE SÓDIO TRIHIDRATADO,
1805,ARGININA MONOGLUTAMATO,
1806,HIDRÓXIDO DE POTÁSSIO,
1807,TRIPT,
1808,ARMODAFINILA,
1809,CITRULLUS COLOCYNTHIS SCHRAD.,
1810,STRYCHNOS NUX-VOMICA L.,
1811,NYOLOL COLIRIO,
1812,GALSULFASE,
1813,ALFAEPTACOGUE ATIVADO,
1814,ALFASIMOCTOCOGUE,
1815,OCITOCINA,
1816,OCRELIZUMABE,
1817,PENTETREOTIDA,
1818,FATOR X,
1819,OXCARBAZEPINA,
1820,SULFATO CÚPRICO PENTAIDRATADO,
1821,ALOE FEROX MILL.,
1822,ÓLEO DE PEIXE,
1823,OMEPRAZOL SÓDICO,
1824,CICLESONIDA,
1825,IOEXOL,
1826,GADODIAMIDA,
1827,MALEATO DE INDACATEROL,
1828,PEGASPARGASE,
1829,DITARTARATO DE VINORELBINA,
1830,ONDANSETRONA,
1831,NIVOLUMABE,
1832,CLORETO DE CARBACOL,
1833,IOVERSOL,
1834,GLICINATO DE ZINCO,
1835,GATIFLOXACINO,
1836,ACETATO DE GANIRRELIX,
1837,ÁCIDO AMINOBUTÍRICO,
1838,LUMACAFTOR,
1839,CITRULINA,
1840,IPRIFLAVONA,
1841,CALCITRIOL,
1842,CLORFENESINA,
1843,HIDROCORTISONA MICRONIZADA,
1844,CLORIDRATO DE XILOMETAZOLINA,
1845,ALFACORIOGONADOTROPINA,
1846,OXACILINA SÓDICA,
1847,OXAMNIQUINA,
1848,CLORIDRATO DE OXIBUPROCAÍNA,
1849,LUMASIRANA SÓDICA,
1850,METOXISALENO,
1851,CLORIDRATO DE OXICODONA,
1852,BARICITINIBE,
1853,PATISIRANA SÓDICA,
1854,MACITENTANA,
1855,ABATACEPTE,
1856,APREMILASTE,
1857,SEMAGLUTIDA,
1858,CLORIDRATO DE TAPENTADOL,
1859,BROMETO DE PANCURÔNIO,
1860,CARBIDOPA,
1861,MESILATO DE BROMOCRIPTINA,
1862,SULFATO DE TRANILCIPROMINA,
1863,CORYNEBACTERIUM PARVUM,
1864,TIMOL,
1865,RIFAMPINA,
1866,GLICONATO DE ZINCO,
1867,ALFAPEGINTERFERONA 2A,
1868,FENOXIMETILPENICILINA,
1869,CILASTATINA,
1870,IMIPENÉM,
1871,PENTOXIFILINA,
1872,PENCICLOVIR,
1873,ALFALUTROPINA,
1874,PERINDOPRIL ERBUMINA,
1875,PERTUZUMABE,
1876,RISPERIDONA,
1877,NIACINAMIDA,
1878,CITRATO DE CAFEÍNA,
1879,PERSEA AMERICANA MILL.,
1880,ÁCIDO CÍTRICO ANIDRO,
1881,CLORIDRATO DE PILOCARPINA,
1882,ALOÍNA,
1883,COSTUS SPICATUS,
1884,TEOBROMINA,
1885,TAZOBACTAM,
1886,ALPELISIBE,
1887,PIROFOSFATO TETRASSÓDICO,
1888,CEFETAMET,
1889,SULFATO DE HIDROXICLOROQUINA,
1890,GLICONATO DE SÓDIO,
1891,PEMETREXEDE DISSÓDICO HEPTAIDRATADO,
1892,TETRACAÍNA,
1893,ANTIGENOS BACTERIANOS SOB A FORMA DE LISADOS,
1894,ANTÍGENOS BACTERIANAS SOB A FORMA DE LISADO,
1895,FUNGOS DE AR,
1896,FUNGOS DO AR,
1897,LÃ DE CARNEIRO,
1898,ÁCAROS,
1899,POLISSACARÍDEO CAPSULAR DE STREPTOCOCCUS PNEUMONIAE SOROTIPO 1,
1900,POLISSACARÍDEO CAPSULAR DE STREPTOCOCCUS PNEUMONIAE SOROTIPO 10A,
1901,POLISSACARÍDEO CAPSULAR DE STREPTOCOCCUS PNEUMONIAE SOROTIPO 11A,
1902,POLISSACARÍDEO CAPSULAR DE STREPTOCOCCUS PNEUMONIAE SOROTIPO 12F,
1903,POLISSACARÍDEO CAPSULAR DE STREPTOCOCCUS PNEUMONIAE SOROTIPO 14,
1904,POLISSACARÍDEO CAPSULAR DE STREPTOCOCCUS P,
1905,ÁCIDO SELENIOSO,
1906,ALCATRÃO DE HULHA,
1907,ALCATRÃO DO LENHO DE JUNIPERUS OXYCEDRUS,
1908,ALCATRÃO DO LENHO DE PINUS PALUSTRIS,
1909,ALCATRÃO DE PINHO,
1910,EXTRATO DE ALCATRÃO MINERAL,
1911,EXTRATO DE ALCATRÃO MINERAL EM ÓLEO DE ARÁQUIDE,
1912,ÓLEO DE CADE,
1913,MEGLUMINA,
1914,REPAGLINIDA,
1915,ALIROCUMABE,
1916,FOSFATO DE CODEÍNA HEMI-HIDRATADO,
1917,PRAVASTATINA SÓDICA,
1918,IDARUCIZUMABE,
1919,ESTROGÊNIOS CONJUGADOS NATURAIS,
1920,POLISSACARÍDEO CAPSULAR DE STREPTOCOCCUS PNEUMONIAE SOROTIPO 18C,
1921,POLISSACARÍDEO CAPSULAR DE STREPTOCOCCUS PNEUMONIAE SOROTIPO 19A,
1922,POLISSACARÍDEO CAPSULAR DE STREPTOCOCCUS PNEUMONIAE SOROTIPO 19F,
1923,POLISSACARÍDEO CAPSULAR DE STREPTOCOCCU,
1924,FERRUM SIDEREUM,
1925,PRUNUS SPINOSA,
1926,ETANOLATO DE DARUNAVIR,
1927,LACTATO DE MILRINONA,
1928,CLORIDRATO DE L-CISTEINA,
1929,L-CISTEÍNA,
1930,L-ORNITINA,
1931,L-ÁCIDO GLUTÂMICO,
1932,ÁCIDO L-ASPÁRTICO,
1933,ÁCIDO L-GLUTÂMICO,
1934,PRIMIDONA,
1935,GADOXETATO DISSÓDICO,
1936,FENDIZOATO DE LEVOCLOPERASTINA,
1937,LETERMOVIR,
1938,TRIBENOSÍDEO,
1939,CLORIDRATO DE CINCHOCAÍNA,
1940,PROFILNINE SD,
1941,GADOTERIDOL,
1942,DENOSUMABE,
1943,DINOPROSTONA,
1944,PROPILTIOURACILA,
1945,PROPRANOLOL,
1946,VIRUS DA VARICELA,
1947,CLORIDRATO DE DAPOXETINA,
1948,SERENOA REPENS (W. BARTRAM) SMALL,
1949,ALPROSTADIL ALFACICLODEXTRINA,
1950,MISOPROSTOL,
1951,CLORIDRATO DE PROTAMINA,
1952,MESTEROLONA,
1953,PULMOPAX,
1954,ALFADORNASE,
1955,BETAFOLITROPINA,
1956,MERCAPTOPURINA,
1957,PAMOATO DE PIRVÍNIO,
1958,CLORIDRATO DE FENAZOPIRIDINA,
1959,DISSULFETO FERROSO,
1960,EMBONATO DE PIRVÍNIO,
1961,HEMINA,
1962,ERENUMABE,
1963,DAVILLA RUGOSA POIR.,
1964,POLYGONUM HIDROPIPER,
1965,ETEXILATO DE DABIGATRANA,
1966,ALFA1ANTITRIPSINA,
1967,CEPHAELIS IPECACHUANHA RICH.,
1968,SULFACETAMIDA SÓDICA,
1969,TRIETANOLAMINA,
1970,COLESTIRAMINA,
1971,BETADINUTUXIMABE,
1972,RAMELTEONA,
1973,RANITIDINA,
1974,SIROLIMO,
1975,LUSPATERCEPTE,
1976,ANTÍGENO HBS,
1977,BETAEPOETINA,
1978,DONEPEZILA,
1979,ASPARTATO DE L-ARGININA,
1980,ÁCIDO POLIACRÍLICO,
1981,AMINOÁCIDOS,
1982,EXTRATO FLUIDO,
1983,TINTURA DE ATROPA BELADONA,
1984,BERBERIS LAURINA THUNB.,
1985,CITRATO FÉRRICO AMONIACAL,
1986,JUNIPERUS SABINA L.,
1987,DELTAFOLITROPINA,
1988,ZANAMIVIR,
1989,CLORIDRATO DE EPINASTINA,
1990,CLORIDRATO DE REMIFENTANILA,
1991,HUMULUS LUPULUS L.,
1992,EVOLOCUMABE,
1993,AROMA DE MEL,
1994,CITRATO DE PENTOXIVERINA,
1995,PRUCALOPRIDA,
1996,TENOXICAM,
1997,TEDUGLUTIDA,
1998,LENALIDOMIDA,
1999,ELTROMBOPAGUE OLAMINA,
2000,SULFATO DE ATAZANAVIR,
2001,IMUNOGLOBULINA HUMANA ANTI-D,
2002,RIBAVIRINA,
2003,CLORIDRATO DE BENDAMUSTINA,
2004,RIFAMICINA SV SÓDICA,
2005,RIFAMICINA,
2006,CROMOGLICATO DISSODICO,
2007,CLORETO DE CÁLCIO 2H2O,
2008,QUERCUS ROBUR,
2009,UPADACITINIBE HEMI-HIDRATADO,
2010,MAGALDRATO,
2011,GAMANONACOGUE,
2012,ALFAINTERFERONA 2A,
2013,FLUNITRAZEPAM,
2014,FOSFESTROL TETRASSÓDICO,
2015,ROTAVÍRUS HUMANO ATENUADO,
2016,REARRANJO DE ROTAVÍRUS HUMANO/BOVINO G1,
2017,REARRANJO DE ROTAVÍRUS HUMANO/BOVINO G2,
2018,REARRANJO DE ROTAVÍRUS HUMANO/BOVINO G3,
2019,REARRANJO DE ROTAVÍRUS HUMANO/BOVINO G4,
2020,REARRANJO DE ROTAVÍRUS HUMANO/BOVINO P1A[8],
2021,VACINA ROTAVÍRUS HUMANO/BOVINO G1 (ATENUADA),
2022,VACINA ROTAVÍRUS HUMANO/BOVINO G2 (ATENUADA),
2023,VACINA ROTAVÍRUS HUMANO/BOVINO G3 (ATENUADA),
2024,VACINA ROTAVÍRUS HUMANO/BOVINO G4 (ATENUADA),
2025,VACINA ROTAVÍRUS HUMANO/BOVINO P1A[8] (ATENUADA),
2026,ESPIRAMICINA,
2027,ROXITROMICINA,
2028,ÁCIDO PENTÉTICO,
2029,ÁCIDO MEDRÔNICO,
2030,FOSTENSAVIR TROMETAMOL,
2031,FUMARATO DE RUPATADINA,
2032,AMIVANTAMABE,
2033,ASCORBATO DE SÓDIO,
2034,ALFAGALSIDASE,
2035,BREXPIPRAZOL,
2036,RANOLAZINA,
2037,MIDOSTAURINA,
2038,VIGABATRINA,
2039,SACARATO DE ÓXIDO FÉRRICO,
2040,TAFLUPROSTA,
2041,ACETATO DE ALFA TOCOFEROL,
2042,SALICILATO DE ETILENOGLICOL,
2043,SAMÁRIO 153SM LEXIDRONAM,
2044,FOSFATO DE RIBOFLAVINA,
2045,LIRAGLUTIDA,
2046,CALCITONINA SINTÉTICA DE SALMÃO,
2047,TELBIVUDINA,
2048,SELÊNIO,
2049,SELENITO DISSÓDICO PENTAIDRATADO,
2050,DEXTRANA 70 (99M TC),
2051,SULBACTAM PIVOXILA,
2052,XINAFOATO DE SALMETEROL,
2053,NICERGOLINA,
2054,SEVCLOT,
2055,VACINA HERPES-ZÓSTER (RECOMBINANTE),
2056,ALFACALCIDOL,
2057,LEVOSIMENDANA,
2058,BASILIXIMABE,
2059,SILICEA,
2060,RISANQUIZUMABE,
2061,ÓLEO DE OLIVA,
2062,AMISSULPRIDA,
2063,LIXISENATIDA,
2064,ECULIZUMABE,
2065,SUCCINATO SÓDICO DE METILPREDNISOLONA,
2066,GLICINATO DE ALUMÍNIO,
2067,ACETATO DE LANREOTIDA,
2068,PEGVISOMANTO,
2069,HEXAFLUORETO DE ENXOFRE,
2070,TANSULOSINA,
2071,IMUNOGLOBULINA ANTIRRÁBICA,
2072,IMUNOGLOBULINA HETERÓLOGA CONTRA VENENO DE BOTHROPS SP,
2073,IMUNOGLOBULINA HETERÓLOGA CONTRA O VENENO DE LACHESIS MUTA,
2074,IMUNOGLOBULINA HETERÓLOGA CONTRA VENENO DE CROTALUS SP,
2075,IMUNOGLOBULINA HETERÓLOGA,
2076,IMUNOGLOBULINA HETERÓLOGA CONTRA TOXINA DIFTÉRICA,
2077,IMUNOGLOBULINA HETERÓLOGA CONTRA VENENO DE TITYUS SERRULATUS,
2078,IMUNOGLOBULINA HETERÓLOGA CONTRA VENENO DE LONOMIA OBLIQUA,
2079,PLASMA DE EQUINO,
2080,AMMONIUM BROMATUM,
2081,AGARICUS MUSCARIUS,
2082,CHAMOMILLA RECUTITA,
2083,COLOCYNTHIS,
2084,MAGNESIUM PHOSPHORICUM,
2085,ATROPINUM SULFURICUM,
2086,CUPRUM SULFURICUM,
2087,BROMETO DE TIOTRÓPIO MONOIDRATADO,
2088,CLORIDRATO DE OLODATEROL,
2089,TIANEPTINA SÓDICA,
2090,CARBIDOPA (PORT. 344/98 LISTA C 1),
2091,MODAFINILA,
2092,DICLORIDRATO DE TRIFLUOPERAZINA,
2093,SOMATOSTATINA,
2094,BELADONA,
2095,COCCUS CACTI,
2096,CINA,
2097,CORALLIUM RUBRUM,
2098,CUPRUM METALLICUM,
2099,DROSERA ROTUNDIFOLIA,
2100,SOLIDAGO VIRGAUREA,
2101,FLURBIPROFENO,
2102,FLURBIPROFENO SÓDICO,
2103,FERRUM SULPHURICUM,
2104,KALI PHOSPHORICUM,
2105,CLORETO DE SUXAMETÔNIO,
2106,SUCRALFATO,
2107,TARTARATO DE EVOGLIPTINA,
2108,SULFATO DE AMICACINA,
2109,CLORIDRATO DE ALIZAPRIDA,
2110,SULFATO CÚPRICO,
2111,ACEFILINATO DE HEPTAMINOL,
2112,BERACTANTO,
2113,PROPATILNITRATO,
2114,MALATO DE SUNITINIBE,
2115,SAQUINAVIR,
2116,ESTAVUDINA,
2117,MONOSSIALOGANGLIOSIDEO,
2118,SILTUXIMABE,
2119,PALIVIZUMABE,
2120,POLISSACARÍDEO CAPSULAR DE STREPTOCOCCUS PNEUMONIAE SOROTIPO 23F,
2121,POLISSACARÍDEO CAPSULAR DE STREPTOCOCCUS PNEUMONIAE SOROTIPO 4,
2122,POLISSACARÍDEO CAPSULAR DE STREPTOCOCCUS PNEUMONIAE SOROTIPO 5,
2123,POLISSACARÍDEO CAPSULAR DE STREPTOCOCCUS PN,
2124,ISATUXIMABE,
2125,PAMOATO DE PASIREOTIDA,
2126,FUMARATO DE BEDAQUILINA,
2127,FOSFATO DE TEDIZOLIDA,
2128,IMUNOGLOBULINA HETERÓLOGA CONTRA TOXINA BOTULÍNICA TIPO A,
2129,IMUNOGLOBULINA HETERÓLOGA CONTRA TOXINA BOTULÍNICA TIPO B,
2130,IMUNOGLOBULINA HETERÓLOGA CONTRA VENENO DE MICRURUS FRONTALIS,
2131,IMUNOGLOBULINA HETERÓLOGA CONTRA VENENO DE MICRURUS,
2132,IMUNOGLOBULINA HETERÓLOGA CONTRA TOXINA TETÂNICA,
2133,CLORETO DE TRÓSPIO,
2134,ASPARAGINASE,
2135,IBUPROFENO ARGININA,
2136,NUSINERSENA,
2137,VÍRUS 17D DA FEBRE AMARELA,
2138,USTEQUINUMABE,
2139,REGORAFENIBE,
2140,ALFA-ASFOTASE,
2141,PARICALCITOL,
2142,TEZACAFTOR,
2143,ABRUS PRECATORIUS,
2144,ACONITUM,
2145,VIBURNUM OPULUS,
2146,DICLORIDRATO DE CAPMATINIBE MONOIDRATADO,
2147,LANADELUMABE,
2148,SALICILATO DE FENILA,
2149,IXEQUIZUMABE,
2150,TANACETUM PARTHENIUM (L.) SCH.BIP.,
2151,TIAMAZOL,
2152,CLORIDRATO DE ERLOTINIBE,
2153,COALTAR,
2154,NILOTINIBE,
2155,CLORIDRATO DE IRINOTECANA,
2156,PROTEÍNAS PLASMÁTICAS HUMANAS,
2157,CLORIDRATO DE BUTENAFINA,
2158,ÁCIDO IOXITALÂMICO,
2159,IOXITALAMATO DE MEGLUMINA,
2160,IOXITALAMATO DE SÓDIO,
2161,FOSAMPRENAVIR CÁLCICO,
2162,TEMOZOLOMIDA,
2163,METILDOPA SESQUIIDRATADO,
2164,DIAZÓXIDO,
2165,CLORIDRATO DE TEPOTINIBE MONOIDRATADO,
2166,TERCONAZOL,
2167,IMUNOGLOBULINA HUMANA ANTITÉTANO,
2168,ÁCIDO TIÓCTICO,
2169,TIOPENTAL SÓDICO,
2170,IMUNOGLOBULINA DE COELHO ANTI-TIMÓCITOS HUMANOS,
2171,ALFATIROTROPINA,
2172,FLUORETO ESTANHOSO,
2173,JATEORHIZA PALMATA (LAM.) MIERS,
2174,OPERCULINA ALATA (HAM.) URB.,
2175,TICARCILINA DISSÓDICA,
2176,SULFATO DE TOBRAMICINA,
2177,THYMUS VULGARIS  L.,
2178,GARCINIA CAMBOGIA DESR.,
2179,TORASEMIDA,
2180,BRYONIA,
2181,BESILATO DE ATRACÚRIO,
2182,ATALURENO,
2183,GUSELCUMABE,
2184,INSULINA DEGLUDECA,
2185,TRIANCINOLONA HEXACETONIDA,
2186,ETOFIBRATO,
2187,NITROGLICERINA,
2188,ELEXACAFTOR,
2189,TRIÓXIDO DE ARSÊNIO,
2190,LACTOBIONATO DE ERITROMICINA,
2191,CUMARINA,
2192,TROXERRUTINA,
2193,BROMIDRATO DE HIOSCIAMINA,
2194,DULAGLUTIDA,
2195,DITOSILATO DE LAPATINIBE,
2196,NATALIZUMABE,
2197,MESILATO DE DABRAFENIBE,
2198,MESILATO DE OSIMERTINIBE,
2199,ATEZOLIZUMABE,
2200,INOTERSENA NONADECASSÓDICA,
2201,AVIBACTAM SÓDICO,
2202,VACINA ADSORVIDA MENINGOCÓCICA B (RECOMBINANTE),
2203,ULCERACID,
2204,RAVULIZUMABE,
2205,CAPROATO DE FLUOCORTOLONA,
2206,PIVALATO DE FLUOCORTOLONA,
2207,UNDECILATO DE CLEMIZOL,
2208,IOPROMIDA,
2209,UNOPROSTONA,
2210,SELEXIPAGUE,
2211,LISADO BACTERIANO DE ESCHERICHIA COLI,
2212,DIASPARTATO DE PASIREOTIDA,
2213,ARCTOSTAPHYLOS UVA-URSI (L.) SPRENG.,
2214,ANATOXINA DIFTÉRICA,
2215,ANATOXINA TETÂNICA,
2216,FÍMBRIAS,
2217,POLIOVÍRUS TIPO 1,
2218,VACINA BCG,
2219,VACINA COVID-19 (RECOMBINANTE),
2220,POLISSACARÍDEO DE HAEMOPHILUS INFLUENZAE TIPO B CONJUGADO COM PROTEÍNA TETÂNICA,
2221,STREPTOCOCCUS PNEUMONIAE,
2222,VACINA CONTRA RAIVA,
2223,VACINA CONTRA CAXUMBA,
2224,VACINA CONTRA RUBÉOLA,
2225,VACINA CONTRA SARAMPO,
2226,VÍRUS DA VARICELA -ZOSTER,
2227,CLORIDRATO DE BARNIDIPINO,
2228,PANITUMUMABE,
2229,BROMETO DE VECURÔNIO,
2230,RENDESIVIR,
2231,VENETOCLAX,
2232,BETA-HIDROXIETILRUTOSÍDEOS,
2233,ILOPROSTA,
2234,ABEMACICLIBE,
2235,FERRO QUELADO,
2236,VIMPOCETINA,
2237,ALFAELOSULFASE,
2238,IODIXANOL,
2239,VITA GRIP,
2240,ÁCIDO RETINÓICO,
2241,FLUOCINOLONA,
2242,ALANTOÍNA,
2243,FOSFATO DE CÁLCIO DIBÁSICO ANIDRO,
2244,GLICONATO DE MAGNÉSIO,
2245,GLICONATO DE POTÁSSIO,
2246,LECITINA DE SOJA,
2247,RUTOSÍDE,
2248,SULFATO DE LAROTRECTINIBE,
2249,AMBRISENTANA,
2250,CLORIDRATO DE PAZOPANIBE,
2251,VOSORITIDA,
2252,ALFAVELAGLICERASE,
2253,BROLUCIZUMABE,
2254,EPTINEZUMABE,
2255,LATANOPROSTENO BUNODE,
2256,VÍRUS RÁBICO INATIVADO,
2257,PROTEÍNA ANTIGÊNICA DE SUPERFÍCIE (HEP. B),
2258,CLORIDRATO DE VILAZODONA,
2259,VOXILAPREVIR,
2260,TAFAMIDIS MEGLUMINA,
2261,VOLANESORSENA SÓDICA,
2262,CUPRUM ACETICUM,
2263,CEPHAELIS IPECACUANHA,
2264,ATOVAQUONA,
2265,DICLORIDRATO DE TRIENTINA,
2266,Winter AP,
2267,MESILATO DE SAFINAMIDA,
2268,CRIZOTINIBE,
2269,CLORETO DE COLINA,
2270,ACETILRACEMETIONINA,
2271,MIKANIA LAEVIGATA SCH.BIP. EX BAKER.,
2272,CLORIDRATO DE ALFUZOSINA,
2273,CITRATO DE TOFACITINIBE,
2274,CLORETO DE RÁDIO (223 RA),
2275,OMALIZUMABE,
2276,ENZALUTAMIDA,
2277,SUBACETATO DE ALUMÍNIO,
2278,ALFAMOROCTOCOGUE,
2279,RIFAXIMINA,
2280,HEMIFUMARATO DE GILTERITINIBE,
2281,CLATRATO DE ETINILESTRADIOL BETACICLODEXTRINA,
2282,IPILIMUMABE,
2283,CLORIDRATO DE IOIMBINA,
2284,MIGLUSTATE,
2285,SOLANUM DULCAMARA L.,
2286,TOSILATO DE NIRAPARIBE MONOIDRATADO,
2287,VEMURAFENIBE,
2288,MALEATO DE TEGASERODE,
2289,ELBASVIR,
2290,GRAZOPREVIR MONOIDRATADO,
2291,SULFATO DE CEFTOLOZANA,
2292,ALPINIA ZERUMBET (PERS.) B.L. BURTT & R.M. SM.,
2293,BENZBROMARONA,
2294,CEFTAROLINA FOSAMILA,
2295,ZIOR,
2296,ACETATO DE GOSSERRELINA,
2297,ZOLMITRIPTANA,
2298,ALFATUROCTOCOGUE,
2299,UDENAFILA,
2300,MEROPENÉM,
2301,GATIFLOXACINO SESQUI-HIDRATADO,
2302,ONASEMNOGENO ABEPARVOVEQUE,
2303,AMPICILINA TRI-HIDRATADA,
2304,AZITROMICINA MONOIDRATADA,
2305,BROMETO DE IPRATRÓPIO MONOIDRATADO,
2306,CLORIDRATO DE IRINOTECANO TRI-HIDRATADO,
2307,CLORIDRATO DE MOXIFLOXACINO MONOIDRATADO,
2308,CLORIDRATO DE TIROFIBANA MONOIDRATADO,
2309,CLORIDRATO DE TRIMETAZIDINA,
2310,ENTECAVIR MONOIDRATADO,
2311,ESOMEPRAZOL MAGNÉSICO,
2312,HEMIFUMARATO DE ALISQUIRENO,
2313,FATOR II,
2314,FATOR IX,
2315,FATOR VII,
2316,IMUNOGLOBULINA HETERÓLOGA CONTRA VENENO DE LOXOSCELES GAUCHO,
2317,IMUNOGLOBULINA HETERÓLOGA CONTRA VENENO DE PHONEUTRIA NIGRIVENTER,
2318,IMUNOGLOBULINA HETEÓLOGA CONTRA O VENENO DE LACHESIS MUTA,
2319,SULFATO DE ATROPINA MONOIDRATADO,
2320,SULFATO DE MORFINA,
2321,ÁGUA,
2322,ANTÍGENO PERTUSSIS,
2323,PERTUSSIS CELULAR,
2324,ÁGUA PARA INJEÇÃO USP,
2325,SULFATO DISSÓDICO DE CONDROITINA,
2326,TETRAXETANO,
2327,VACINA SARAMPO,
2328,RUBÉOLA (ATENUADA),
2329,TOSILATO DE TALAZOPARIBE,
2330,GEFITINIB,
2331,ENFORTUMABE VEDOTINA,
2332,PETASITES HYBRIDUS (L.) GAERTN.,
2333,B. MEY. ET SCHERB,
2334,CLORIDRATO CLORETO DE FOSNETUPITANTO,
2335,CEFTOBIPROL MEDOCARILA SÓDICO,
2336,BRODALUMABE,
2337,CLORIDRATO DE RILPIVIRINA,
2338,TEZEPELUMABE,
2339,POMALIDOMIDA,
2340,PIROFOSFATO TETRASSÓDICO DECAIDRATADO,
2341,ANIFROLUMABE,
2342,DASATINIBE MONOIDRATADO,
2343,CILTACABTAGENO AUTOLEUCEL,
2344,POLISSACARÍDEO DE NEISSERIA MENINGITIDIS DO SOROGRUPO Y CONJUGADO A PROTEÍNA CARREADORA TOXOIDE TETÂNICO,
2345,POLISSACARÍDEO DE NEISSERIA MENINGITIDIS DO SOROGRUPO W,
2346,ALFAOLIPUDASE,
2347,PANTOPRAZOL SÓDICO,
2348,SACITUZUMABE GOVITECANA,
2349,BOSUTINIBE MONOIDRATADO,
2350,ALFATUROCTOCOGUE PEGOL,
2351,SOMATROGONA,
2352,ALGINATO DE MAGNÉSIO,
2353,AXICABTAGENO CILOLEUCEL,
2354,HIDROXICOBALAMINA,
2355,TAFAMIDIS,
2356,VUTRISIRANA SÓDICA,
2357,EXTRATO SECO DE AESCULUS HIPPOCASTANUM L.,
2358,POLYGONUM PUNCTATUM ELLIOT,
2359,SMILAX PAPYRACEA DUHAMEL.,
2360,DICLORIDRATO DE DACLATASVIR,
2361,CARTILAGO SUIS,
2362,FUNICULUS UMBILICALIS SUIS,
2363,EMBRYO SUIS,
2364,PLACENTA SUIS,
2365,DULCAMARA,
2366,NADIDUM,
2367,COENZYME A,
2368,DIETILOXALACETATO DE SÓDIO,
2369,ACIDUM ALPHA-LIPOICUM,
2370,INEBILIZUMABE,
2371,MAVACANTENO,
2372,FINERENONA,
2373,ACETATO DE INDACATEROL,
2374,FUSIDATO DE SÓDIO,
2375,VACINA DENGUE 1 (ATENUADA),
2376,VACINA DENGUE 2 (ATENUADA),
2377,VACINA DENGUE 3 (ATENUADA),
2378,VACINA DENGUE 4 (ATENUADA),
2379,MALEATO DE ACALABRUTINIBE MONOIDRATADO,
2380,EDARAVONA,
2381,METRELEPTINA,
2382,ESPESOLIMABE,
2383,TECLISTAMABE,
2384,SUCCINATO DE MOBOCERTINIBE,
2385,BESILATO DE LEVANLODIPINO HEMIPENTAIDRATADO,
2386,ESTETROL MONOIDRATADO,
2387,VERICIGUATE,
2388,BELZUTIFANO,
2389,PROTEÍNA DIFTÉRICA CRM 197,
2390,POLISSACARÍDEO CAPSULAR DE STREPTOCOCCUS PNEUMONIAE SOROTIPO 3,
2391,POLISSACARÍDEO CAPSULAR DE STREPTOCOCCUS PNEUMONIAE SOROTIPO 6A,
2392,POLISSACARÍDEO CAPSULAR DE STREPTOCOCCUS PNEUM,
2393,DOCETAXEL TRI-HIDRATADO,
2394,NAXITAMABE,
2395,TREMELIMUMABE,
2396,BALOXAVIR MARBOXILA,
2397,FOSFATO DE SITAGLIPTINA,
2398,POLATUZUMABE VEDOTINA,
